0.1,-0.02,0.07,0.03,0.15,0.46
0.03,0.17,0.19,0.01,0.19,0.24
-0.47,0.41,-0.04,0.22,0.09,-0.26
-0.72,0.07,-0.19,0.15,-0.12,-1
-0.94,-0.54,-0.38,0.49,0.03,-1.92
-1.77,-0.22,-0.95,0.75,0.02,-2.27
0.31,-1.27,-4.88,0.48,-0.07,-2.02
1.6,-0.18,0.55,0.36,-0.02,-1.38
0.5,-0.19,0.24,0.3,0.1,-0.68
0.16,-0.03,0.19,0.23,0.01,-0.07
0.03,-0.07,-0.21,0.2,0.08,0.32
-0.08,0,-0.06,0.01,0.14,0.31
-0.03,0.11,0.19,0.09,-0.02,-0.12
0.02,0.22,-0.41,0.18,-0.16,-0.77
-1.62,-0.56,-2.81,0.22,0.05,-1.66
-1.95,-0.2,-1.69,0.56,-0.02,-2.25
0.27,-0.5,-2.64,0.31,-0.22,-2
1.14,-0.3,-1.14,0.29,-0.29,-1.45
0.59,-0.29,-0.97,0.31,-0.07,-0.88
0.04,-0.14,-0.74,0.31,0.01,-0.39
-0.09,-0.06,-0.32,0.14,0.07,-0.02
-0.03,0.12,-0.07,0.09,0.23,0.02
-0.23,0.4,-0.15,0.21,0.25,-0.31
-0.25,0.36,-0.25,0.25,0.1,-0.74
-0.89,0.1,-0.84,0.31,0.02,-1.43
-1.61,-0.57,-2.6,0.48,-0.24,-2.01
1.98,-1.15,-2.49,0.61,-0.55,-1.94
1.42,-0.64,-0.29,0.39,-0.36,-1.44
0.81,-0.34,-0.87,0.24,0.09,-0.85
0.06,0.2,-1.04,0.2,0.29,-0.31
-0.07,0.36,-0.32,0.14,0.27,0.06
0.15,0.37,0.12,0.14,0.08,0.39
0.03,0.22,0.19,0.24,-0.08,0.34
-0.69,-0.19,-0.05,0.16,-0.11,-0.21
-0.47,-0.39,0.09,0.03,0,-1.29
-1.16,0.56,-0.76,0.35,0.22,-2.55
-4.24,-0.1,-3.38,0.45,0.18,-2.48
2.99,-0.29,-0.09,0.23,-0.16,-1.98
-0.53,-0.36,0.56,0.06,-0.01,-1.01
0.1,-0.04,0.24,0.06,0.23,-0.2
0.05,0.25,-0.11,0.09,0.17,0.53
-0.19,0.15,0.08,0.01,-0.17,0.98
0.07,-0.17,0.85,0.05,-0.22,0.6
-0.2,-0.07,0.27,-0.18,0,-0.63
-1.64,1.26,-1.32,0.13,0.66,-2.48
-2.39,-0.48,-2.47,0.2,0.21,-3.11
3.42,-0.88,-2.19,0.37,-0.19,-2.46
0.72,-0.27,0.27,-0.09,-0.25,-1.2
0.42,0.14,-0.28,-0.03,0.35,-0.21
-0.03,0.64,-0.52,0.13,0.4,0.42
0.23,0.45,0.11,0,0.04,0.83
0.02,0.26,0.55,0.03,-0.13,0.6
-2,-0.21,-0.51,0.04,-0.21,-0.04
-0.6,-0.01,0.94,-0.11,0.02,-1.46
-1.73,0.73,-0.77,0.26,0.43,-2.84
-4.8,0.16,-4.01,0.15,0.27,-2.74
2.78,-0.33,0.15,-0.01,-0.12,-1.98
-0.23,-0.18,0.5,-0.21,0.04,-0.8
-0.3,-0.04,0.18,0.03,0.26,0.19
-0.3,0.14,0.07,-0.28,0.07,0.89
-1.13,0.07,0.26,-0.04,-0.01,0.79
0,0.67,-0.06,-0.03,-0.14,-0.36
0.93,0.73,-0.68,0.08,0.27,-2.02
3.54,0.08,-2.69,0.63,0.37,-2.74
-0.5,-1.62,-2.43,0.24,-0.19,-2.01
-1.9,0.09,-1.49,0.18,-0.23,-1.15
-0.21,0.26,-0.01,0.09,0.14,-0.22
0.07,0.29,0.02,-0.09,0.33,0.43
-0.01,0.46,0.11,-0.12,0.04,0.53
-0.56,0.28,0.14,0.11,-0.19,-0.1
-0.23,-0.96,0.17,0.06,-0.15,-1.22
-1.36,0.44,-0.81,0.21,0.13,-2.42
-4.15,-0.17,-2.85,0.31,0.24,-2.44
2.6,-0.21,-0.55,-0.16,-0.12,-1.67
0.31,-0.28,0.54,0.13,-0.1,-0.65
-0.23,-0.26,0.43,0.02,0,0.24
-0.46,-0.12,0.36,-0.22,0.07,0.7
-0.43,0.08,0.29,0.05,0.03,0.21
0.04,0.46,0.08,0,-0.12,-0.92
2.41,1.14,-1.81,0.33,0.37,-2.33
-0.89,-1.55,-2.99,0.35,0.41,-2.74
-0.52,-0.65,-1.8,-0.09,-0.09,-1.79
-0.65,0.12,-1.01,-0.01,-0.31,-0.34
0.12,0.11,0.04,0.06,0.08,0.49
0.05,0.26,0.23,-0.25,0,0.8
-0.6,1.09,0.54,0.05,-0.13,0.18
-0.22,-0.22,1.01,-0.09,-0.14,-1.31
-1.73,0.63,-1.11,0.35,0.1,-2.8
-4.78,-0.67,-4.34,0.4,0.4,-2.66
2.21,0.2,0.59,-0.36,0.01,-1.42
-0.17,-0.05,0.53,-0.01,0.09,-0.23
2.41,1.09,1.4,-0.08,-0.1,0.65
0.43,-0.08,0.34,-0.03,-0.11,0.69
0.94,-0.04,0.07,-0.09,-0.17,-0.24
0.49,1.51,-0.61,0.03,0.32,-1.96
3.48,-0.45,-1.24,0.33,0.29,-2.88
-0.15,0.15,-4.15,0.26,0.27,-2.48
-2.13,0.16,-0.61,-0.35,-0.3,-1.08
-0.6,-0.31,-0.15,0.08,-0.12,0.24
-0.5,-0.18,0.33,-0.14,-0.08,1.06
0.33,-1.25,4.55,-0.24,0.11,0.88
-0.62,0.26,-0.22,-0.23,0.09,-0.47
-0.88,0.24,-0.85,0.2,0.1,-2.08
-3.04,-0.12,-0.33,0.35,0.14,-2.86
4.14,-0.82,-4.94,0.06,-0.03,-2.48
0.41,-0.19,1.09,-0.2,-0.02,-1.41
0.3,-0.07,0.22,-0.19,0.18,-0.32
-0.01,0.29,0.27,0.04,0.22,0.48
-0.23,0.39,0.3,-0.08,-0.22,0.88
-0.3,-0.12,0.8,0.13,-0.34,0.41
-0.14,-0.08,-0.04,-0.06,-0.26,-0.78
-3.41,-0.97,-2.99,0.25,0.47,-2.35
-0.77,0.02,-3.15,0.34,0.43,-2.94
2.04,-0.09,-1.78,0,-0.06,-2.36
0.86,-0.22,-0.26,-0.23,-0.14,-1.07
0.15,0.24,-0.98,0.17,0.08,-0.07
-0.22,0.03,-0.32,-0.06,-0.13,0.72
-0.33,-0.1,0.05,-0.04,-0.07,0.98
-1.01,-0.04,3.42,-0.07,-0.18,0.16
-0.86,0.2,-1.18,-0.12,-0.02,-1.12
-1.45,0.7,-0.69,0.31,0.36,-2.64
-4.68,-0.02,-2.9,0.22,0.18,-2.85
3.59,-0.22,-0.62,0.15,0.03,-2.21
-0.16,-0.1,0.65,-0.31,0.12,-1.19
-0.03,0.06,0.18,0.04,0.24,-0.39
0.86,0.72,-0.59,0.2,-0.03,0.27
-0.04,-0.02,-0.04,0.05,-0.32,0.86
-0.12,-0.54,0.51,0.05,-0.41,0.75
-0.53,-0.8,0.09,-0.03,-0.38,0.14
-1.51,-0.65,-0.15,-0.2,-0.1,-1.2
-1.3,0.22,-0.65,0.04,0.48,-2.83
-4.42,1.11,-3.33,0.07,0.65,-3.12
3.14,-0.02,-0.47,-0.08,0.48,-2.4
0.01,-0.15,0.67,-0.41,-0.1,-1.27
0.29,-0.16,0,-0.09,0.01,-0.24
0.15,0.28,-0.49,0.07,-0.02,0.39
-0.01,0.13,-0.29,-0.11,-0.38,0.95
-0.05,-0.34,0.23,0.04,-0.47,0.79
-0.08,-1.39,0.45,-0.1,-0.31,-0.16
-0.59,0.22,-1.07,-0.23,0.46,-1.97
-2.75,1.48,-0.76,0.18,0.22,-3.01
-1.93,-0.47,-4.83,0.23,-0.03,-2.77
1.48,-0.42,0.87,-0.09,-0.3,-1.52
-0.23,-0.2,0.24,-0.05,0.13,-0.65
-0.32,-0.16,0.14,-0.11,0.28,0.19
-0.19,0.17,-0.05,-0.09,0.14,0.62
-1.24,0.56,0.15,-0.1,-0.22,0.62
-0.44,0.2,-0.05,0.1,-0.18,-0.16
0.6,0.34,-0.43,0.09,0.03,-1.37
2.73,0.47,-1.85,-0.09,0.15,-2.37
0.13,-0.83,-3.74,0.5,0.21,-2.75
-1.45,-0.43,-2.31,0.01,-0.29,-2.03
-0.57,-0.06,-1.06,-0.01,-0.02,-1.2
-0.2,0.28,-0.54,-0.05,0.31,-0.38
0.05,0.32,-0.07,-0.07,0.04,0.22
0.16,0.3,0.09,0.07,-0.18,0.57
0.1,0.01,0.22,0.22,-0.15,0.29
-0.84,-0.74,-0.16,-0.07,-0.16,-0.43
-0.79,-0.03,-0.17,0.14,0.22,-1.71
-2.35,0.64,-0.94,-0.07,0.05,-2.46
-2.65,-0.63,-4.8,0.22,0.22,-2.32
1.98,-0.36,0.52,0.03,-0.08,-1.56
0.24,-0.25,0.35,-0.09,-0.05,-0.76
0.03,-0.06,0.18,0.04,0.23,-0.15
0.14,0.17,-0.3,0.05,0.11,0.26
-0.05,0.2,-0.27,0.13,-0.3,0.54
0.03,-0.2,0.23,0.22,-0.36,0.19
-0.5,-0.49,-0.45,0.1,-0.08,-0.77
-1.6,-0.13,-0.69,-0.07,0.28,-2.05
-2.59,0.99,-2.28,0.34,0.26,-2.58
2.78,-0.91,-2.81,0.08,0.05,-2.23
0.84,-0.14,0.3,-0.26,-0.01,-1.28
0.58,0.25,-0.22,0.07,0.29,-0.52
0.06,0.31,-0.82,-0.02,-0.05,0.28
0.12,0.05,-0.16,0.06,-0.06,0.71
0.32,-0.09,0.26,0.09,-0.13,0.64
-1.79,-0.5,-0.04,-0.08,-0.4,0.04
-0.33,-0.16,1.09,-0.1,-0.04,-1.52
-2.19,0.9,-0.9,0.07,0.42,-2.92
-4.83,0.46,-4.23,0.07,0.22,-2.88
3,-0.28,-0.06,-0.02,-0.2,-1.94
0.05,-0.18,0.48,-0.18,-0.05,-0.79
-0.29,-0.07,0.14,0.18,0.18,-0.05
-0.08,-0.01,-0.13,0.09,-0.12,0.61
-0.47,0.08,-0.06,-0.02,-0.23,0.92
-1.04,0.06,0.21,0.06,-0.06,0.26
-0.02,-0.1,-0.14,-0.13,0.11,-0.74
0.61,0.29,-0.73,-0.26,0.3,-2.43
0.63,0.66,-4.33,0.32,0.04,-3.07
-1.81,-1.05,-2.41,-0.07,-0.07,-2.63
-1.4,0.4,-1.11,-0.38,-0.01,-1.42
-0.28,0.45,-0.57,-0.14,0.34,-0.4
0.12,0.26,0.04,-0.08,0.09,0.5
0.31,0.27,0.34,0.08,-0.13,0.95
0.59,-0.14,0.7,0.16,-0.2,0.84
-2.58,-0.9,-0.01,-0.23,-0.21,0.15
-0.71,-0.19,-0.47,-0.08,0.01,-1.38
-1.84,0.93,-1.09,-0.04,0.31,-2.82
-4.84,0.37,-3.93,0.03,0.49,-3.11
3.27,-0.06,-0.29,-0.16,0.1,-2.28
-0.09,-0.17,0.5,-0.39,0.08,-1.09
0.44,0.18,-0.01,0.16,0.22,-0.24
-0.03,0.36,-0.58,-0.23,-0.1,0.57
0.21,0.09,-0.08,0.17,0.08,0.79
0.08,-0.14,0.34,0.01,-0.2,0.82
-3.78,-0.35,-0.69,-0.19,-0.4,0.39
-0.39,-0.36,1.67,-0.15,-0.28,-0.94
-1.98,0.73,-1.43,-0.23,0.39,-2.9
-4.38,0.51,-0.78,0.11,0.61,-3.53
4.44,-0.21,-2.35,-0.2,0.07,-2.75
0.48,-0.26,0.65,-0.37,-0.25,-1.39
-0.15,-0.17,-0.05,0.02,0.07,-0.27
-0.28,-0.2,-0.66,-0.19,0.06,0.56
-0.25,0.11,-0.06,-0.03,0.04,1
-0.22,0.1,0.67,-0.04,-0.2,0.83
-0.15,0.02,0.67,-0.18,-0.15,-0.07
-0.28,0.77,-0.34,-0.15,0.24,-1.9
-4.75,-0.37,-2.31,0.32,0.29,-2.94
-0.63,-2.19,-4.89,0.09,0.02,-2.54
1.06,0.13,0.41,-0.09,-0.16,-1.48
0.44,-0.02,0.04,-0.2,0.26,-0.64
0.22,0.55,-0.2,-0.02,0.35,0.06
0.03,0.47,-0.23,-0.2,0.14,0.54
0.06,0.45,0.35,0.03,-0.11,0.44
-0.39,0.08,-0.05,-0.02,-0.4,-0.22
-0.93,-1.25,-0.49,-0.14,0.06,-1.52
-1.92,0.09,-0.56,0.24,0.29,-2.91
-0.38,1.09,-4.87,-0.09,0.19,-2.55
1.07,-0.75,0.03,-0.11,-0.11,-1.49
0.24,-0.24,0.24,-0.03,0.11,-0.51
0,0.15,0.08,-0.05,0.17,0.22
-0.12,0.25,-0.04,-0.07,0.05,0.62
-0.05,0.19,0.26,0.04,-0.12,0.49
-0.12,0.2,0.25,-0.09,-0.19,-0.31
-3.63,0.4,-2.08,0.12,0.23,-1.87
-1.69,-0.45,-1.09,0.34,0.37,-2.76
2.2,-0.02,-4.54,0.03,-0.01,-2.25
0.92,-0.27,0.09,-0.18,0,-1.25
0.55,0.1,-0.09,-0.02,0.29,-0.4
0.07,0.51,-0.22,-0.17,0.19,0.33
0.11,0.49,0.1,0,-0.11,0.63
-0.03,0.31,0.31,0.12,-0.38,0.28
-3.57,-0.5,-1.16,-0.12,-0.18,-0.8
-0.6,-0.6,-0.48,0.1,0.34,-2.25
-3.14,0.28,-0.67,0.35,0.38,-2.55
3.69,-0.18,-3.09,-0.13,-0.01,-1.88
0.51,-0.43,0.65,-0.06,-0.01,-0.63
-0.29,-0.16,0.43,-0.04,0.13,0.23
-0.44,0.09,0.59,-0.1,-0.03,0.56
-0.23,0.44,0.45,0.03,-0.09,-0.07
0.3,0.56,-0.14,0.03,0.16,-1.53
4.65,1.68,-3.01,0.29,0.22,-2.53
-0.19,-1.87,-3.01,0.34,0.06,-2.36
-1.64,-0.8,-1.52,-0.32,-0.33,-1.29
-0.76,0.43,-0.35,0.1,-0.06,-0.27
0.22,0.24,0.14,0.09,-0.01,0.55
0.24,0.75,0.22,-0.41,-0.11,0.64
-0.81,0.23,0.63,-0.03,0.14,-0.5
-0.89,0.5,-0.56,0,0.22,-1.92
-2,0.55,-0.72,0.4,0.22,-2.59
-0.12,-0.85,-4.88,0.1,0.19,-2.18
0.43,-0.38,0.86,-0.19,-0.28,-0.91
-0.37,-0.2,0.33,0.11,0.13,0.18
3.87,0.27,0.98,-0.28,0.07,0.94
3.72,0.59,0.97,-0.22,-0.03,0.52
4.92,0.13,0.02,-0.14,-0.07,-0.78
1.13,0.23,-0.31,0.1,0.22,-2.33
3.83,-0.07,-4.7,0.32,0.28,-2.73
-1.95,-0.38,-2.07,-0.03,0.09,-2.23
-1.32,0.37,-0.42,-0.43,-0.15,-0.9
-0.17,0.1,-0.13,0.27,0.09,0
0.27,-0.03,0.16,-0.04,-0.22,0.86
-0.55,0.07,0.19,-0.28,-0.02,0.82
-1.58,-1.19,3.73,-0.14,-0.26,0.02
-1.09,0.08,-1.28,-0.1,-0.32,-1.26
-2.27,0.41,-0.73,-0.24,0.02,-2.65
-4.85,0.31,-4.16,0.22,0.48,-3.04
3,-0.15,0,-0.02,0.08,-2.24
-0.19,-0.22,0.46,-0.67,-0.13,-1.02
0.28,0.06,0.12,0.03,0.33,-0.25
0.24,0.62,-0.58,-0.04,0.25,0.36
0.13,0.4,-0.33,-0.34,-0.06,0.83
0.09,0.41,0.34,0.11,-0.23,0.65
-2.98,-0.79,-0.32,-0.23,-0.55,0.08
-0.71,-0.14,0.55,-0.08,-0.16,-1.73
-2.8,0.77,-0.88,0.03,0.6,-3.16
-3.98,1.08,-4.75,-0.03,0.7,-3.16
0.57,-0.36,1.08,-0.27,-0.05,-1.82
-0.33,-0.08,0.24,-0.39,-0.04,-0.71
-0.39,-0.07,-0.02,0.05,0.15,0.08
-0.22,0.1,-0.35,-0.13,-0.12,0.76
-0.42,0.2,-0.01,0.14,-0.06,0.79
-0.95,0.27,0.41,-0.07,-0.22,0.49
-0.38,-0.22,-0.11,-0.16,-0.16,-0.47
0.32,0.14,-0.67,-0.17,0.3,-2.2
2.4,0.74,-3.69,0,0.31,-2.98
-2.02,-0.6,-4.08,0.06,0.23,-2.95
-1.23,-0.09,-1.82,-0.38,-0.13,-1.87
-0.39,0.24,-1.03,-0.23,0.18,-0.76
0.01,0.25,-0.33,-0.07,0.16,0.13
0.22,0.22,0.1,-0.04,-0.09,0.9
-0.11,0.39,0.36,0.1,-0.22,1.12
-1.26,-1.19,2.56,0.07,-0.12,0.69
-0.91,-0.11,-0.67,-0.41,-0.22,-0.56
-1.26,0.36,-1,-0.05,0.3,-2.35
-2.71,0.32,-0.57,0.31,0.42,-3.07
3.55,-0.59,-4.88,-0.37,0.11,-2.64
0.53,-0.25,0.76,-0.05,-0.22,-1.54
0.24,-0.24,0.21,-0.11,-0.17,-0.36
-0.17,0.03,0.17,-0.05,0.06,0.23
0,0.35,-0.2,0.07,0.1,0.47
0,0.21,0.12,-0.04,-0.1,0.34
-0.2,0.14,-0.06,0,-0.16,-0.37
-2.8,-0.56,-1.38,0.03,0.1,-1.43
-1.93,-0.36,-0.81,0.04,0.01,-2.37
-1.2,-0.09,-4.73,0.01,-0.08,-2.41
1.68,-0.22,-0.5,-0.1,-0.01,-1.76
0.79,0.15,-0.15,-0.21,0.23,-0.97
0.31,0.59,-0.93,-0.06,0.27,-0.22
-0.15,0.3,-0.46,-0.16,0.01,0.38
-0.31,0.01,-0.14,0.06,-0.2,0.54
-1.2,-0.87,0.2,0,-0.33,0.16
-0.68,-0.24,2.08,-0.09,-0.07,-1.07
-1.39,0.22,-0.65,0.24,0.39,-2.41
-3.65,0.12,-1.49,0.32,0.23,-2.62
3.45,-0.27,-1.94,-0.37,-0.18,-1.82
0.25,-0.26,0.65,0.07,-0.05,-0.98
0.04,-0.17,0.38,-0.01,0,-0.17
-0.24,0.02,0.2,-0.09,-0.07,0.45
-0.1,0.19,-0.04,0.1,0,0.47
-0.16,0.05,0.17,-0.04,-0.14,0.03
-0.1,0.11,-0.22,-0.08,-0.19,-0.87
-4.07,-0.18,-4.27,0.31,0.22,-2.07
-0.64,-0.54,-2.48,0.22,0.05,-2.36
1.02,0.03,-1.95,-0.09,-0.07,-1.96
0.82,0.06,-0.93,-0.03,0,-1.2
0.05,0.2,-1.03,-0.01,0.17,-0.55
-0.25,0.12,-0.41,-0.01,0.14,0.03
-0.12,0.13,-0.05,-0.07,0.04,0.35
-0.39,0.18,0.16,0.13,0,0.12
-0.63,-0.1,0.25,-0.14,-0.11,-0.48
-0.87,0.05,-0.05,0.07,0.13,-1.78
-2.39,0.32,-0.98,0.31,-0.11,-2.51
-0.82,-1.71,-4.87,-0.03,-0.2,-2.11
1.31,-0.06,0.65,-0.01,-0.02,-1.31
0.56,0.03,0.2,0.08,0.29,-0.67
0.13,0.39,0.17,0.01,0.13,0
-0.03,0.31,-0.1,0.09,-0.03,0.35
-0.07,0.01,0.2,0.14,-0.04,0.29
-0.09,-0.06,-0.01,-0.13,-0.36,-0.27
-1.98,-0.49,-2.03,0.28,0.08,-1.56
-1.4,-0.24,-1.61,0.25,0.23,-2.39
0.76,0.18,-3.45,-0.01,0.18,-2.26
1.36,0.14,-0.88,-0.11,0.17,-1.56
0.68,0.34,-0.48,0.01,0.16,-0.74
0.01,0.1,-0.83,0.08,0,-0.1
-0.21,-0.12,-0.33,0.05,-0.13,0.41
-0.43,-0.43,-0.09,-0.29,-0.34,0.63
-0.47,-0.16,0.54,0.21,0.02,-0.07
-0.32,-0.29,0.57,-0.24,-0.05,-1.14
-1.38,0.54,-1,0.3,0.38,-2.42
-4.63,0.15,-3.24,0.04,0.55,-3.03
3.39,-0.17,-0.66,-0.04,0.05,-2.21
0.13,-0.36,0.58,-0.17,-0.22,-1.09
0.13,-0.2,0.14,0.09,0.06,-0.12
0.15,0.04,-0.04,0.07,0.01,0.5
-0.07,0.08,0.04,-0.11,-0.19,0.95
-0.03,-0.17,0.6,0.08,-0.07,0.6
0.01,-0.06,0.26,-0.03,-0.32,0.15
-2.98,-0.75,-0.94,-0.08,-0.13,-1.17
-1.09,0.18,-0.49,0.24,0.48,-2.73
-4.23,0.74,-2.24,0.12,0.54,-3.13
3.59,-0.12,-1.41,-0.02,0.13,-2.45
-0.4,-0.29,0.57,-0.07,-0.17,-1.39
0.56,-0.4,-0.16,0.08,-0.05,-0.39
0.22,0.1,-0.46,-0.06,-0.01,0.36
0.17,0.24,-0.02,0,-0.01,0.82
0.03,0.05,0.24,-0.13,-0.31,0.77
-3.19,-0.13,-0.43,0,-0.18,0.04
-0.04,-0.78,1.84,-0.07,0.03,-1.32
-1.64,0.52,-1.05,0.25,0.42,-2.66
-4.39,-0.03,-1.68,0.25,0.42,-2.88
3.98,0.17,-1.52,-0.09,0.08,-2.05
0.31,-0.28,0.77,0.02,-0.03,-1.04
0.11,-0.25,0.28,0.09,-0.04,-0.13
-0.26,-0.15,0.19,-0.1,0.01,0.52
-0.21,0.09,0,0,0.13,0.64
-0.21,0.13,0.34,0,-0.16,0.32
-0.21,0.09,0.11,0.05,-0.18,-0.78
-0.15,0.27,-1.32,0.23,0.35,-1.96
-1.07,-0.43,-1.17,0.29,0.38,-2.5
0.63,-0.39,-2.58,-0.01,0.1,-2.05
0.69,-0.08,-0.99,-0.02,-0.24,-1.05
-0.01,-0.18,-0.8,0.08,-0.15,-0.26
-0.18,-0.08,-0.2,-0.2,0.03,0.27
-0.57,0.19,-0.16,-0.01,0.01,0.18
-0.49,0.01,0.28,0.13,-0.1,-0.6
-0.34,-0.45,0.1,0.16,0.17,-1.79
-1.88,0.5,-0.73,0.51,0.3,-2.34
-0.29,-0.97,-4.9,-0.12,0.09,-1.78
1.38,-0.24,0.69,0.04,-0.04,-1.02
0.09,-0.2,0.35,0.02,-0.06,-0.26
-0.41,-0.13,0.55,-0.12,0,0.37
-0.35,-0.05,0.23,-0.15,0.04,0.29
-0.04,0.23,-0.06,0,-0.08,-0.39
0.61,0.39,-0.7,0.12,-0.09,-1.57
-0.94,-1.23,-4.88,0.16,0.1,-2.65
-0.85,-0.44,-2.23,0.18,0.33,-2.62
-0.74,0.52,-2.25,-0.06,0.05,-1.85
0.15,0.09,-1,-0.22,-0.01,-0.96
0.09,0.04,-0.4,0.07,0.06,-0.13
0.12,-0.22,-0.02,0.02,-0.24,0.67
0.26,-0.38,0.14,-0.22,-0.3,1
-1.66,-0.67,-0.07,0.16,-0.09,0.55
-0.15,-1.93,4.29,-0.21,-0.3,-0.13
-1.19,0.38,-1.2,-0.03,0.3,-1.96
-2.4,0.32,-0.55,0.41,0.26,-3.14
1.36,-0.3,-4.9,-0.19,0.44,-3.18
1.36,-0.14,0.88,0.11,-0.09,-2.24
0.42,-0.32,0.09,-0.39,-0.36,-0.99
0.55,-0.29,-0.79,-0.16,0.05,-0.22
-0.68,0.56,-1.54,0.26,0.29,0.1
0,0.03,-0.22,-0.01,-0.17,0.79
-2.53,-0.44,0.09,-0.1,-0.22,1.01
-0.22,-0.19,-0.25,0.11,0.05,0.66
-0.64,-0.28,0.4,-0.36,-0.4,0.07
-0.79,-0.25,-0.79,-0.06,-0.36,-1.24
-1.71,0.57,-1.13,0.22,0.25,-2.95
-4.66,-0.13,-1.76,-0.16,0.6,-3.51
4.3,0.54,-1.04,-0.05,0.37,-3.01
0.6,-0.38,0.5,-0.28,-0.38,-1.7
0.69,-0.47,-0.54,-0.27,-0.17,-0.58
-0.34,0.4,-2.02,0.24,0.02,0.12
-0.31,-0.12,-0.48,-0.02,-0.35,0.87
-1.22,-0.84,0.37,0.12,0.06,1.04
-0.26,0.05,1.51,-0.03,0,0.51
-0.28,-0.15,0.66,-0.21,-0.31,0.4
-0.52,-0.23,-0.2,-0.08,-0.39,-0.63
-1.26,0.23,-0.94,-0.1,0.19,-2.46
-3.93,0.27,-0.37,-0.17,0.6,-3.49
4.45,0.51,-4.55,-0.41,0.33,-3.34
0.24,-0.24,0.77,-0.26,-0.12,-2.13
0.69,-0.16,-0.14,-0.41,-0.15,-0.89
0.22,0.34,-2.37,0.03,-0.03,-0.06
-0.39,-0.04,-0.62,0.15,-0.14,0.58
-0.77,-0.9,-0.03,0,-0.1,1.06
0.49,1.45,5,0.23,0.07,0.68
-0.17,-0.04,-0.02,-0.13,0.03,0.56
-0.64,-0.37,0.01,-0.21,-0.33,-0.17
-1.04,0.01,-0.93,-0.09,-0.05,-1.84
-2.06,0.66,-0.77,0,0.31,-2.79
-4.34,0.47,-4.65,-0.23,0.42,-3.32
2.58,-0.36,0.44,0.09,-0.04,-2.42
0.32,-0.3,0.23,-0.44,-0.2,-1.21
0.69,-0.06,-0.59,-0.01,0.19,-0.4
-0.51,0.46,-1.48,-0.09,0,0.27
-0.03,-0.02,-0.21,-0.04,-0.21,0.87
-2.19,-0.57,0.15,0.05,-0.04,0.68
-0.53,-0.27,0.42,-0.14,-0.22,0.53
-0.66,0.16,-0.52,-0.22,-0.07,-1.09
-1.16,0.52,-0.88,0.35,0.34,-2.48
-4.24,-0.43,-1.3,0.06,0.16,-2.68
4.54,0.42,-2.63,-0.01,0.32,-2.31
0.73,0.04,0.9,-0.19,0.05,-1.42
0.19,0.02,0.23,-0.05,-0.21,-0.58
0.46,0.11,-0.26,0.22,-0.1,-0.03
0.19,0.02,-0.72,-0.12,-0.08,0.39
0.07,-0.18,-0.19,-0.11,-0.19,0.43
-0.6,-0.58,-0.19,-0.03,-0.35,-0.03
-0.61,-0.31,0,0.12,-0.17,-1.16
-0.97,0.22,-0.22,-0.02,0.37,-2.39
-3.25,0.43,-1.84,0.15,0.43,-2.56
3.88,-0.05,-2.34,-0.19,0.06,-1.98
0.57,-0.27,0.6,-0.1,-0.01,-1.23
0.45,-0.17,0.01,0.2,0.08,-0.59
0.22,0,-0.44,-0.05,-0.19,0.24
-0.09,-0.14,-0.55,0.03,-0.07,0.64
0.02,-0.16,0,-0.11,-0.07,0.6
-2.65,-0.1,-0.58,-0.23,-0.3,-0.06
-0.66,-0.04,0.29,0.01,0.01,-1.46
-0.98,0.3,-0.54,0.32,0.44,-2.55
-4.07,-0.04,-1.81,0.13,0.35,-2.6
3.54,0.22,-1.65,-0.17,0.11,-1.89
0.37,-0.24,0.65,-0.18,-0.09,-1.11
0.3,-0.08,0.25,0.13,0.16,-0.53
0.27,0.19,-0.12,-0.21,0,0.11
0.01,0.17,-0.52,0.07,0.2,0.39
0.01,0.11,0.02,-0.27,-0.17,0.67
0.16,-0.1,0.35,-0.07,-0.31,0.29
-3.96,-0.46,-1.28,-0.1,-0.18,-0.83
-1,-0.22,-0.22,-0.01,0.13,-2.34
-3.05,0.51,-0.85,0.21,0.45,-2.97
3.8,-0.09,-4.91,-0.38,0.18,-2.45
0.77,-0.24,0.66,-0.16,0.04,-1.47
0.34,-0.01,0.23,-0.06,-0.12,-0.51
0.01,-0.01,0,-0.02,-0.19,0.22
-0.01,0.05,-0.47,0.09,0.08,0.48
-0.06,-0.05,-0.11,0.01,-0.12,0.63
-0.07,-0.33,0.09,-0.05,-0.23,0.26
-1.45,-0.64,-0.3,-0.05,-0.34,-0.61
-1.14,0.21,-0.14,-0.27,0.15,-2.33
-3.19,0.64,-1.16,0.36,0.61,-3.4
4.05,0.02,-4.91,-0.33,0.19,-2.67
0.82,-0.22,1.05,-0.28,0.12,-1.57
0.25,-0.16,0.14,-0.06,0.3,-0.72
0.24,0.48,0.09,-0.22,-0.11,0.03
-0.08,0.35,-0.29,0.05,-0.14,0.35
0.12,0.09,-0.33,-0.06,-0.27,0.65
0.13,-0.25,0.13,0.14,-0.18,0.54
0.03,-0.61,-0.09,0.07,-0.19,0.49
-1.42,-0.92,-0.2,-0.36,-0.32,-0.3
-0.35,0.51,0.39,0.2,0.25,-2.35
-3.01,0.59,-1.06,0.06,0.18,-3.28
-3.24,-0.36,-4.81,0.22,0.43,-3.33
1.76,-0.56,1.06,-0.08,-0.07,-2.1
0.11,-0.33,0.15,-0.2,0.17,-1.04
0.22,0.16,-0.04,-0.11,0.14,-0.22
0.02,0.65,-0.56,-0.01,0.02,0.4
0.12,0.22,-0.39,0.09,-0.15,0.76
0.13,-0.28,0.29,-0.11,-0.07,0.81
0.07,-0.23,0.34,0.08,-0.13,0.53
-1.12,-0.96,0.27,-0.21,-0.55,0.04
-0.23,-0.37,0.6,0.01,-0.02,-1.75
-2.14,0.77,-1.11,0.06,0.26,-3.35
-4.89,0.67,-4.27,0.14,0.53,-3.34
3.35,-0.25,0.21,0.16,0.22,-2.49
0.13,-0.12,0.55,-0.39,0.08,-1.37
0.36,0.03,-0.05,-0.05,0.27,-0.61
0.33,0.7,-0.62,-0.03,-0.18,0.2
0.19,-0.21,-0.5,0.11,-0.16,0.65
0.26,-0.53,-0.17,0.01,0.05,0.85
-1.48,-0.71,-0.22,-0.18,-0.01,0.69
-0.33,-0.86,2.67,-0.16,-0.34,0.35
-0.65,-0.4,-0.54,-0.17,-0.43,-0.56
-1.41,0.56,-1.1,-0.21,0.54,-2.68
-3.72,0.24,-0.65,0.12,0.32,-3.43
3.91,-0.37,-4.91,-0.23,0.12,-3.02
0.61,-0.24,0.71,-0.09,-0.12,-2.05
0.44,-0.34,-0.03,-0.3,-0.2,-0.94
0.79,0.3,-0.83,0.03,0.04,-0.2
-0.32,0.04,-1.05,0.15,0.07,0.26
-0.08,-0.23,-0.15,-0.06,-0.11,0.67
-0.61,-0.51,0.09,0.22,-0.01,0.54
-0.8,0.1,3.84,0.07,-0.25,0.34
-0.55,-0.05,-0.65,-0.09,-0.22,-0.4
-0.83,0.26,-0.66,0.14,0.24,-1.83
-2.74,0.4,-0.64,-0.05,0.1,-2.76
-1.03,-0.78,-4.86,0.04,0.18,-2.77
1.85,-0.38,0.46,0.03,0.03,-1.91
0.44,-0.15,0.21,-0.16,0.12,-1.01
0.39,0.33,-0.26,0.03,0.15,-0.32
0.13,0.22,-0.88,0.08,-0.2,0.3
-0.05,-0.22,-0.33,0.13,-0.21,0.64
-0.28,-0.64,-0.06,0.07,-0.09,0.58
-0.94,-0.66,-0.05,-0.03,-0.07,-0.01
-0.51,0.21,1.71,-0.23,-0.01,-1.26
-1.67,0.36,-0.88,0.25,0.08,-2.75
-4.69,-0.63,-2.46,0.12,-0.01,-2.99
3.55,0.25,-0.94,-0.09,0.07,-2.12
0.48,-0.06,0.61,-0.17,0.45,-1.26
0.24,0.45,0.3,-0.21,0.18,-0.34
-0.03,0.4,0.08,-0.01,-0.31,0.34
-0.07,-0.04,-0.17,0.32,-0.24,0.62
0.03,-0.4,0.26,-0.04,-0.32,0.71
-0.2,-0.59,-0.25,0.12,0.09,0.01
-0.87,-0.2,-0.49,-0.22,0.4,-1.18
-1.15,1.09,-0.47,0.21,0.25,-2.58
-4.14,0.12,-4,0.15,-0.19,-2.81
3,-1.05,-1.08,0.11,-0.43,-2.07
0.49,-0.09,0.52,-0.03,-0.22,-1.17
0.22,-0.23,-0.2,-0.09,0.23,-0.41
0.13,0.4,-0.53,-0.08,0.22,0.12
-0.01,0.42,-0.43,0.04,-0.07,0.49
0.24,0.24,0.28,0.14,-0.32,0.46
-1.33,-0.22,-0.22,0.09,-0.39,0
-0.34,-0.67,0.05,-0.04,0.02,-1.34
-1.38,0.37,-0.68,0.1,0.06,-2.51
-3.77,-0.04,-1.22,0.23,-0.05,-2.66
4.13,-0.28,-2.83,-0.04,0.01,-2.07
0.44,-0.14,0.68,-0.2,-0.04,-1.14
0.2,0,0.27,0,0.04,-0.36
0.17,0.15,-0.03,0.16,0.01,0.06
0.07,0.1,-0.55,0.1,-0.14,0.46
-0.02,-0.19,0.01,0,-0.24,0.48
-0.07,-0.41,0.21,0.15,-0.13,0.04
-0.97,-0.64,-0.68,-0.04,0.02,-0.88
-1.43,0.77,-0.53,0.01,0.07,-2.14
-2.58,0.64,-1.96,0.2,-0.02,-2.83
3.47,-1.28,-3.45,0.1,-0.1,-2.37
0.77,-0.02,0.31,-0.25,0.03,-1.43
0.62,0.23,-0.21,-0.07,0.34,-0.68
0.15,0.54,-1.09,-0.02,0.07,0.06
0.07,0.14,-0.31,0.05,-0.22,0.49
-0.22,-0.29,-0.1,0.2,-0.13,0.56
-1.05,-0.84,0.18,-0.07,-0.32,0.35
-0.5,0.09,2.76,0.13,-0.15,-0.57
-1.22,0.1,-0.9,-0.08,0.18,-1.84
-2.67,0.41,-0.61,0.23,0.16,-2.97
0.41,-0.76,-4.85,0.04,0.09,-2.83
1.4,-0.24,0.8,-0.22,-0.01,-1.83
0.51,-0.04,0.14,-0.08,0.4,-0.98
0.47,0.64,-0.23,-0.07,0.09,-0.16
0.18,0.26,-0.57,0.02,-0.23,0.46
0.03,-0.31,-0.29,0.29,-0.25,0.69
0,-0.78,-0.12,0,-0.17,0.79
-0.83,-0.71,0.36,0,-0.15,0.44
-0.89,-0.65,-0.01,-0.19,-0.12,-0.78
-1.41,0.62,-1.18,0.08,0.3,-2.43
-3.77,0,-0.65,0.02,0.35,-3.37
4.46,0.39,-4.72,0.01,0.19,-3.09
1.01,-0.34,0.8,-0.34,-0.35,-2.02
0.61,-0.36,-0.15,-0.37,0.03,-0.99
0.32,0.3,-2.44,-0.03,0.14,-0.29
-0.33,0.01,-0.7,0.11,-0.08,0.3
-1.03,-0.44,-0.19,0.18,-0.17,0.66
-0.52,-0.69,0.97,0.17,-0.12,0.83
-0.3,0.12,-0.01,-0.27,-0.09,0.77
-0.19,-0.31,0.17,0.1,-0.29,0.03
-0.72,-0.14,-0.69,-0.16,-0.21,-0.95
-1.48,0.55,-1.09,-0.07,0.31,-2.64
-4.15,0.2,-0.63,0.2,0.4,-3.57
4.76,0.22,-3.52,-0.13,-0.3,-3.14
0.6,-0.44,0.62,-0.25,-0.18,-1.9
0.37,-0.29,-0.31,-0.3,0.31,-0.81
1.08,0.74,-1.64,-0.08,0.09,-0.07
0.1,0.31,-0.59,0.13,-0.45,0.56
-0.51,-0.65,-0.24,0.26,-0.2,0.77
-0.24,-0.77,0.63,0,0.01,0.74
-0.45,-0.43,0.65,-0.15,-0.01,0.53
-0.57,-0.24,0.23,-0.21,-0.33,-0.16
-0.49,-0.36,-0.75,0,-0.35,-1.07
-1.79,0.48,-0.96,-0.07,0.25,-2.8
-4.77,-0.05,-2.33,-0.01,0.3,-3.5
4.13,0.25,-1.29,-0.09,0.06,-2.96
0.86,-0.34,0.42,-0.29,-0.11,-1.86
1.05,-0.05,-0.71,-0.15,-0.15,-0.8
-0.76,-0.04,-1.72,0.09,-0.21,-0.01
-0.6,-0.42,-0.46,0.2,-0.11,0.52
-1,-0.9,0.28,0.07,-0.13,0.85
-0.37,-0.24,2.22,0.08,0.04,0.66
0.15,-0.03,0.4,0.05,-0.02,0.64
-0.54,-0.43,0.43,-0.21,-0.43,0.2
-0.81,-0.15,-0.67,-0.25,-0.23,-1.16
-1.82,0.85,-1.12,-0.06,0.38,-3.1
-4.82,0.05,-1.63,-0.07,0.17,-3.61
4.28,-0.28,-1.87,-0.13,-0.28,-2.88
0.64,-0.4,0.39,-0.36,-0.2,-1.67
1.38,-0.44,-1.02,-0.18,0.1,-0.72
-0.9,0.57,-1.97,0.03,0.03,-0.05
-0.25,-0.04,-0.39,0.06,0.03,0.42
-1.06,-0.34,0.26,0.1,-0.21,0.79
-0.71,-0.11,3.98,0.15,-0.13,0.66
-0.49,-0.08,-0.15,-0.19,-0.14,0.36
-0.51,-0.11,-0.22,-0.21,-0.19,-0.46
-1.08,0.14,-0.77,0.01,0.12,-1.99
-2.56,0.33,-0.51,0.14,-0.01,-2.95
-1.59,-0.76,-4.78,-0.02,-0.01,-2.79
1.52,-0.31,0.67,-0.03,-0.14,-1.83
0.46,-0.06,0.16,-0.19,0.04,-1
0.47,0.37,-0.26,-0.03,0.15,-0.32
0.15,0.54,-0.96,0.02,0.06,0.14
-0.03,0.02,-0.22,0.09,-0.29,0.48
-0.49,-0.81,-0.22,0.23,-0.27,0.34
-0.49,-0.71,0.16,-0.07,-0.26,-0.23
-0.51,0.61,0.38,0.03,0,-1.27
-1.13,0.01,-0.41,-0.02,-0.03,-2.19
-3.5,-0.49,-1.4,0.38,-0.06,-2.54
4.35,-0.18,-2.72,0.02,-0.28,-1.98
0.68,-0.4,0.61,0.06,-0.11,-1.28
0.38,-0.11,0.17,-0.04,0.04,-0.57
0.19,0.24,-0.22,-0.12,0.07,-0.02
0.03,0.22,-0.74,0.09,0.08,0.28
0.02,-0.05,-0.21,-0.07,-0.2,0.44
-0.11,-0.36,-0.09,-0.04,-0.22,0.01
-0.6,-0.47,-0.19,0.15,-0.12,-0.89
-1.2,0.17,-0.37,0.04,-0.02,-2.03
-2.64,-0.52,-1.44,0.55,-0.24,-2.49
4.27,-0.77,-3.68,0.02,-0.35,-2.12
0.89,-0.12,0.52,0.09,-0.08,-1.49
0.65,0.07,-0.01,0.02,0.12,-0.86
0.32,0.41,-0.64,-0.19,0.02,-0.17
-0.13,0.08,-0.87,0.24,-0.03,0.23
-0.21,-0.38,-0.18,0.11,-0.19,0.49
-0.5,-0.86,-0.08,0.09,-0.27,0.21
-0.35,-0.19,0.13,0.2,0.11,-0.58
-0.69,0.53,0.19,-0.16,0.14,-1.43
-1.81,0.33,-0.89,-0.01,-0.08,-2.36
-4.03,-0.52,-3.62,0.54,-0.42,-2.53
2.54,-0.46,-0.12,0,-0.48,-1.88
0.28,-0.3,0.42,0.14,0.06,-1.22
0.15,0.06,0.04,-0.18,0.08,-0.5
0.44,0.69,-0.58,0.16,0.08,0.01
0.14,-0.01,-0.31,0.23,-0.1,0.36
-0.07,-0.4,0.07,0.13,-0.25,0.52
-0.12,-0.63,-0.07,0.16,-0.09,0.12
-0.63,-0.4,-0.3,-0.03,-0.01,-0.57
-1,0.65,-0.27,0.07,-0.01,-1.85
-2.33,-0.07,-1.09,0.33,-0.37,-2.48
0.59,-1.13,-4.91,0.11,-0.1,-2.51
1.45,0.04,0.4,-0.03,-0.08,-1.89
0.82,0,0.05,-0.13,-0.08,-1.06
0.75,0.22,-0.85,0.1,0.01,-0.48
-0.35,-0.06,-1.21,0.15,-0.22,0.09
-0.54,-0.64,-0.52,0.18,-0.09,0.4
-0.03,-0.47,0.3,0.16,0.06,0.55
-0.92,0.22,1.67,-0.04,-0.14,0.22
-0.39,0.21,-0.46,0.07,-0.02,-0.51
-1.17,0.33,-0.75,-0.04,0.19,-1.95
-2.42,0.32,-0.6,0.32,-0.15,-2.75
1.81,-1.61,-4.88,0.25,-0.22,-2.58
1.84,-0.22,0.57,0.02,-0.02,-1.91
0.6,0.07,0.18,-0.13,0.04,-1.09
0.59,0.37,-0.52,0.08,-0.04,-0.32
-0.16,-0.09,-1.1,0.05,-0.11,0.3
-0.16,-0.2,-0.3,0.18,0.04,0.57
-0.27,-0.49,0.08,0.21,-0.1,0.57
-1.02,-0.26,0.7,0.08,-0.28,0.33
-0.64,-0.27,-0.36,-0.09,-0.29,-0.41
-0.96,0.13,-0.85,0.11,0.09,-1.86
-2.54,0.29,-0.67,0.14,0.08,-2.87
-1.87,-0.96,-4.84,0.11,-0.04,-3.07
2.19,-0.43,0.46,0.18,-0.14,-2.33
0.65,-0.17,0.13,-0.22,-0.01,-1.31
0.59,0.41,-0.8,-0.16,-0.09,-0.36
-0.28,-0.06,-1.34,0.06,-0.14,0.29
-0.61,-0.56,-0.33,0.26,-0.06,0.62
-0.72,-0.88,0.26,0.08,-0.07,0.78
-0.56,-0.52,1.3,0.07,0.01,0.65
-0.27,-0.09,-0.01,-0.04,-0.16,0.09
-0.63,-0.28,-0.54,-0.1,-0.31,-0.85
-1.53,0.36,-1.1,-0.05,0.2,-2.63
-3.92,-0.04,-0.59,0.4,0.14,-3.32
4.67,-0.09,-3.83,-0.1,-0.18,-2.93
0.18,-0.39,0.66,-0.17,-0.12,-1.74
0.38,-0.18,0.03,-0.07,0.03,-0.73
0.32,0.4,-0.89,-0.12,0.03,-0.02
0.05,0.13,-0.74,0.14,-0.12,0.35
-0.18,-0.43,-0.27,0.25,-0.29,0.74
-0.93,-0.99,0.06,-0.02,-0.11,0.71
0.64,2.45,5,0.14,-0.1,0.3
-0.8,-0.04,-0.66,-0.34,-0.24,-0.29
-0.97,0.13,-0.76,-0.01,0.09,-2.04
-2.73,0.49,-0.58,0.06,0.18,-2.83
-0.2,-0.73,-4.85,0.12,0.22,-2.94
-0.15,-0.41,0.86,-0.13,-0.18,-1.82
-0.06,-0.27,0.16,-0.23,0.01,-0.83
0.13,0.09,-0.06,0.01,0.14,-0.13
-0.01,0.49,-0.51,-0.03,-0.09,0.31
0.09,0.01,-0.16,0,-0.26,0.63
-0.34,-0.22,0.12,0.09,-0.12,0.35
-1.88,-0.83,-0.66,-0.13,-0.08,-0.28
-0.62,0.36,0.06,0.02,-0.01,-1.64
-1.7,0.15,-0.8,0.27,-0.08,-2.58
-4.62,-0.56,-4.35,0.16,-0.16,-2.71
2.2,-0.22,0.17,0.04,-0.31,-1.91
0.5,-0.24,0.33,-0.08,-0.11,-1.01
0.23,-0.01,-0.05,-0.02,0.2,-0.33
0.22,0.41,-0.67,-0.06,0.17,0.14
0.03,0.17,-0.35,0.22,0.06,0.39
0.09,-0.07,0.21,-0.06,-0.3,0.49
-0.53,-0.38,-0.2,0,-0.34,-0.12
-0.57,-0.27,-0.13,-0.04,-0.02,-1.23
-1.34,0.54,-0.46,-0.04,0.06,-2.52
-3.41,-0.18,-2.35,0.5,-0.15,-2.7
2.54,-0.68,-0.88,0.02,-0.5,-1.87
0.44,-0.28,0.45,-0.01,-0.1,-1.08
-0.03,-0.17,0.01,-0.02,0.25,-0.36
0.02,0.03,-0.33,-0.09,0.1,0.24
-0.11,0.22,-0.21,0.23,-0.02,0.51
-0.05,-0.01,0.25,-0.04,-0.18,0.46
0.01,-0.16,0.28,0.1,-0.1,-0.15
-0.78,-0.11,-0.81,0.02,0.01,-1.13
-1.57,0.29,-0.79,-0.08,-0.03,-2.39
-2.73,-0.34,-3.77,0.41,-0.09,-2.72
2.53,-0.39,-1.31,-0.03,-0.28,-2.06
0.94,-0.05,-0.02,0.09,0.05,-1.23
0.5,0.2,-0.67,-0.01,0.08,-0.45
-0.12,0.07,-0.84,0.06,0.03,0.11
-0.07,-0.01,-0.15,0.12,-0.16,0.5
-0.4,-0.47,0.01,-0.03,-0.27,0.65
-0.83,-0.5,0.41,0.03,-0.13,-0.06
0.07,0.01,0.4,-0.15,0.08,-1.26
-1.51,0.72,-0.87,0.1,0.22,-2.6
-4.1,-0.24,-1.6,0.46,-0.15,-2.83
3.84,-0.41,-1.61,0.03,-0.27,-2.05
0.41,-0.26,0.71,0.01,0.07,-1.28
0.48,0.04,0.11,0.05,0.14,-0.5
0.02,0.39,-0.14,-0.1,-0.05,0.21
0.06,0.09,-0.35,0.23,0.19,0.46
-0.04,0.08,0.22,-0.07,-0.13,0.65
0.07,-0.28,0.46,0,-0.27,0.23
-0.43,-0.24,-0.48,0.05,-0.05,-0.81
-1.22,0.23,-0.57,0.08,0.23,-2.23
-2.77,0.47,-1.51,0.45,-0.08,-2.81
3.12,-1.23,-3.66,0.1,-0.24,-2.38
1.22,-0.24,0.16,0.01,-0.04,-1.63
0.76,0.12,-0.25,-0.03,0.1,-0.78
0.19,0.29,-1.15,-0.13,0.08,-0.15
-0.19,0.27,-0.58,0.24,0.14,0.3
-0.09,-0.03,-0.06,-0.03,-0.1,0.65
0.06,-0.38,0.42,0.1,-0.18,0.56
0.21,-0.73,2.48,0.02,-0.41,0.01
-0.93,0.05,-0.75,-0.07,-0.12,-1.34
-1.82,0.79,-0.63,-0.03,0.24,-2.72
-4.78,0.62,-3.82,0.3,0.24,-3.2
3.22,-0.48,-0.29,0.1,-0.22,-2.5
0.48,-0.24,0.46,-0.24,-0.17,-1.45
0.58,-0.48,-0.48,-0.06,0.23,-0.58
0.31,0.51,-1.11,-0.03,0.02,0.16
0.09,0.41,-0.39,0.12,-0.11,0.67
-0.15,-0.01,0.04,0.01,-0.12,0.93
-0.77,-0.45,0.8,-0.05,-0.02,0.71
-0.47,-0.28,-0.62,-0.25,-0.16,0.17
-0.61,-0.16,-0.69,-0.04,-0.2,-1.16
-1.55,0.58,-1.01,-0.02,0.24,-2.82
-4.62,-0.15,-1.53,0.35,0.35,-3.46
4.28,0.25,-1.28,0,0.01,-2.79
0.49,-0.39,0.65,-0.37,-0.01,-1.71
0.74,-0.12,-0.24,0.05,0.13,-0.83
0.36,0.67,-1.31,-0.13,-0.13,-0.05
-0.08,-0.1,-0.81,0.22,-0.17,0.38
-0.69,-0.82,-0.24,0.09,-0.24,0.85
-0.58,-0.92,0.23,-0.09,-0.05,0.74
-0.55,-0.58,0.03,-0.16,-0.11,0.26
-0.47,-0.18,-0.06,-0.14,-0.24,-0.28
-0.95,-0.02,-0.92,-0.04,-0.04,-1.83
-2.47,0.61,-0.78,0.22,0.1,-2.78
-2.53,0,-4.78,0.13,0.5,-3.48
2.15,-0.31,1,-0.11,-0.08,-2.46
0.33,-0.31,0.18,-0.41,-0.25,-1.22
0.78,-0.28,-0.94,-0.01,0.18,-0.46
-0.63,0.48,-1.05,-0.2,-0.09,0.25
-0.67,-0.21,-0.63,0.06,-0.04,0.62
-0.28,-0.5,0.54,0.07,0.07,0.82
-0.08,-0.19,0.95,-0.22,-0.06,0.74
-0.22,-0.11,0.51,-0.18,-0.16,0.23
-0.8,-0.16,-0.43,-0.2,-0.26,-1.07
-1.29,0.42,-1.15,0.46,0.46,-3
-4.71,-0.28,-1.94,0.29,0.07,-3.5
4.19,0.05,-1.11,-0.06,0.02,-2.82
-0.12,-0.16,0.54,-0.22,0.11,-1.76
0.79,0.32,-0.22,-0.23,0.04,-0.69
0.35,0.55,-1.85,0.05,-0.06,-0.07
-0.54,-0.3,-0.9,0.18,-0.31,0.39
-0.11,-1.06,0.02,0.14,-0.22,0.78
-0.73,-1.03,0.87,-0.01,0.08,0.75
0.14,0.36,0.41,-0.09,0.13,0.47
-0.47,0.01,0.08,-0.26,-0.12,-0.23
-0.83,-0.06,-0.81,-0.1,-0.01,-1.73
-2.66,0.74,-0.95,0.16,-0.43,-2.94
-3.45,-1,-4.71,0.09,0.12,-2.93
1.99,-0.1,0.65,-0.01,0.04,-2.03
0.48,0.03,0.18,-0.21,0.18,-1.08
0.48,0.5,-0.08,0.07,0.24,-0.38
0.16,0.44,-0.62,-0.05,-0.11,0.19
0.11,0.01,-0.15,0.18,-0.2,0.42
-0.14,-0.47,-0.15,0.04,-0.2,0.42
-0.6,-0.71,-0.12,0.03,-0.2,0.04
-0.67,-0.01,0.14,-0.14,-0.07,-0.92
-0.96,0.19,-0.27,0.01,0.09,-2.27
-3.29,-0.13,-1.32,0.33,0.11,-2.78
4.28,-0.35,-4.66,-0.22,-0.09,-2.17
0.87,-0.22,0.74,-0.01,0.09,-1.45
0.52,0.03,0.2,0.01,0.07,-0.64
0.12,0.21,-0.13,-0.11,-0.22,0.09
0.18,0.09,-0.42,0.2,-0.12,0.46
0.2,0.11,0.47,0.11,-0.08,0.6
0.58,-0.4,0.12,-0.21,-0.08,0.27
-2.35,-0.22,-0.53,-0.02,0.17,-1.11
-0.82,0.75,-0.01,0.29,0.06,-2.49
-3.9,-0.9,-2.08,0.36,-0.2,-2.67
3.45,-0.36,-1.69,-0.06,-0.18,-1.97
0.58,0.01,0.62,0.05,0.14,-1.11
0.16,0.07,0.29,-0.16,0,-0.2
0.04,0.28,0.08,0.1,0.04,0.24
0.02,0.27,-0.13,0.14,-0.02,0.44
-0.07,-0.11,0.19,0.04,-0.17,0.39
-0.01,-0.17,0.06,-0.01,-0.15,-0.24
-1.81,-0.34,-1.45,0.03,0.03,-1.42
-1.43,-0.08,-0.96,0.2,0.02,-2.6
-0.89,-0.41,-4.64,0.11,-0.02,-2.6
1.52,-0.15,-0.53,-0.1,-0.04,-1.82
0.77,0.17,-0.21,0.01,0.03,-0.93
0.23,0.11,-0.82,-0.03,0.04,-0.16
-0.24,0.04,-0.63,0.16,0.04,0.23
-0.18,-0.25,-0.16,0,-0.22,0.56
-0.83,-0.65,0,0.06,-0.19,0.37
-1.13,0.49,0.98,-0.09,-0.22,-0.42
-0.68,0.1,-0.77,0.02,0.02,-1.77
-2.38,0.38,-0.51,0.09,0.01,-2.51
-3.43,-0.26,-4.76,0.19,0.34,-2.74
1.6,-0.34,0.67,-0.1,-0.04,-1.83
0.06,-0.25,0.24,-0.21,-0.03,-0.81
0.17,0.09,0.17,0.2,0.12,-0.1
-0.14,0.19,-0.22,-0.04,-0.17,0.48
0.06,-0.13,-0.09,0.24,-0.07,0.59
-0.07,-0.28,0.43,-0.01,-0.2,0.54
0.06,-0.29,0.11,0,-0.22,-0.31
-2.83,-0.64,-1.57,0.09,0.21,-1.69
-2.27,0.64,-0.97,0.02,-0.06,-2.82
-0.34,-1.13,-4.91,0.21,0.01,-3.08
1.68,-0.24,-0.07,-0.11,-0.21,-2.08
0.84,-0.03,-0.22,-0.12,0.11,-1.01
0.11,0.4,-1.37,0.02,0.21,-0.15
-0.13,0.12,-0.6,-0.02,-0.12,0.44
-0.31,-0.2,-0.06,0.35,0.01,0.61
-0.93,-0.81,0.3,-0.08,-0.26,0.77
0.17,-0.35,1.66,-0.08,-0.25,0.42
-0.55,-0.04,-0.48,-0.14,-0.23,-0.54
-1.18,0.03,-0.89,0.01,-0.11,-2.15
-2.73,0.16,-0.49,0.05,0.31,-3.41
1.43,0.39,-4.87,-0.11,0.49,-3.34
1.38,-0.35,0.89,-0.16,-0.19,-2.19
0.46,-0.34,0.01,-0.18,-0.17,-1.09
0.69,-0.21,-0.73,-0.06,-0.12,-0.22
-0.36,0.08,-0.9,0.11,-0.18,0.5
-0.02,-0.2,-0.15,0.2,0.05,0.87
-0.08,-0.6,0.14,-0.14,0.05,1.01
0.37,-0.59,4.48,0.07,0.03,0.97
-0.44,0.06,0.11,-0.35,-0.13,0.04
-0.83,0.03,-0.5,-0.28,-0.16,-1.26
-1.52,0.69,-1.02,0.31,0.12,-3.23
-4.8,-0.32,-2.52,-0.19,-0.15,-3.54
3.65,0.01,-0.67,0.02,-0.02,-2.9
0.59,-0.25,0.36,-0.34,-0.08,-1.65
0.68,0.37,-0.46,-0.3,0.06,-0.48
-0.39,0.6,-1.51,0.03,0.11,0.17
-0.07,-0.01,-0.31,0.21,-0.06,0.61
-1.11,-1.01,-0.1,0.05,-0.25,0.86
-0.29,-0.59,2.25,0.18,0.02,0.63
0.06,-0.01,-0.15,-0.11,-0.16,0.36
-0.23,-0.38,-0.1,-0.17,-0.47,-0.43
-0.81,-0.04,-0.92,0.01,0,-1.98
-2.8,0.63,-0.69,-0.25,0.22,-3.02
-1.84,0.38,-4.79,-0.1,0.32,-3.55
1.97,-0.4,0.61,-0.13,-0.08,-2.42
0.52,-0.23,0.01,-0.36,-0.2,-1.16
0.51,0.05,-0.84,-0.11,-0.02,-0.17
-0.4,0.22,-0.99,0.15,-0.07,0.46
-0.12,-0.34,-0.12,0.12,-0.12,0.86
-0.7,-0.71,0.49,0.09,0.04,0.79
-0.52,-0.27,0.37,-0.06,-0.01,0.58
-0.34,-0.31,-0.04,-0.02,-0.3,-0.07
-0.76,-0.07,-0.73,-0.18,-0.07,-1.43
-1.69,0.77,-0.77,0.04,0.36,-2.79
-4.86,0.15,-3.3,-0.15,0.1,-3.26
3.88,0.01,-1.04,0.18,-0.1,-2.75
0.61,-0.45,0.33,-0.42,-0.3,-1.55
0.88,-0.34,-0.78,-0.09,0.21,-0.6
-0.56,0.62,-1.16,-0.07,0.1,0.22
-0.2,0.07,-0.31,0.11,-0.11,0.71
-1.07,-0.18,0.2,0.07,-0.07,0.78
-0.6,-0.09,4.08,0.26,-0.12,0.39
-0.36,-0.12,-0.47,-0.06,-0.47,0.12
-0.37,0.06,-0.57,0,0.04,-1.11
-1.17,0.62,-0.68,0.06,0.35,-2.32
-3.28,0.23,-0.62,-0.04,0.16,-2.51
3.89,-0.05,-4.85,-0.11,0.14,-2.64
1.29,0.02,0.9,-0.14,-0.15,-1.76
0.67,-0.23,0.02,-0.15,-0.07,-0.84
0.54,0.17,-0.84,0.06,0.19,-0.24
-0.25,0.11,-0.87,0.05,0.04,0.27
0.22,0.22,0.16,0.05,-0.12,0.56
-0.84,-0.21,0.19,0.16,-0.09,0.49
-0.39,0.25,1.98,-0.03,-0.3,0.01
-0.8,0.1,-0.95,-0.07,-0.11,-1.04
-1.5,0.48,-0.65,0.04,0.27,-2.31
-3.92,-0.15,-1.58,0.23,0.08,-2.65
3.79,-0.14,-2.17,-0.16,-0.05,-2.19
0.73,-0.22,0.58,0.01,0.03,-1.42
0.56,0.08,-0.02,-0.11,0.08,-0.66
0.29,0.29,-0.58,0.06,-0.06,-0.03
-0.12,-0.15,-0.77,0.25,-0.08,0.31
-0.22,-0.4,-0.18,-0.06,-0.09,0.52
-0.6,-0.51,-0.08,0.1,0.04,0.06
-0.5,0.47,0.34,0.07,-0.13,-0.47
-0.71,-0.22,-0.2,-0.18,-0.01,-1.41
-1.97,0.61,-0.79,0.21,0.13,-2.55
-4.65,-0.03,-4.38,-0.02,-0.07,-2.6
2.22,-0.38,-0.18,-0.07,-0.26,-1.85
0.53,-0.2,0.21,-0.11,0.07,-1.1
0.52,0.25,-0.33,-0.02,0.22,-0.41
0.07,0.33,-0.88,-0.03,-0.05,0.21
-0.07,-0.12,-0.36,0.25,-0.1,0.44
-0.26,-0.54,-0.05,0.21,-0.15,0.62
-0.99,-0.64,-0.02,-0.17,0.01,-0.06
-0.47,0.27,1.4,-0.05,0,-1.24
-1.18,0.2,-0.71,0.1,0.05,-2.31
-3.39,-0.04,-0.93,0.31,-0.01,-2.68
4.57,0.18,-3.26,-0.04,0.02,-2.21
0.7,-0.2,0.77,-0.18,-0.05,-1.36
0.48,0.02,0.19,0,0.04,-0.65
0.42,0.32,-0.25,0.11,-0.01,-0.13
0.21,0.09,-0.65,0.01,-0.05,0.28
0.06,-0.13,-0.22,0.2,-0.05,0.4
0.32,-0.19,0.24,-0.04,-0.17,0.3
-0.75,-0.36,-0.17,0.05,-0.03,-0.35
-0.76,0.58,0.02,-0.13,-0.03,-1.41
-1.74,0.45,-0.85,-0.01,0.03,-2.53
-4.45,-0.51,-4.35,0.17,0.02,-2.67
2.25,-0.18,-0.15,-0.13,-0.09,-1.93
0.45,-0.16,0.29,-0.22,0.19,-1.09
0.6,0.48,-0.15,0.08,0.33,-0.46
0.27,0.48,-0.64,-0.04,-0.18,0.19
0,-0.13,-0.32,0.19,-0.18,0.41
-0.33,-0.51,-0.22,0.02,-0.14,0.46
-0.67,-0.66,-0.14,-0.09,-0.13,-0.07
-0.51,0.63,0.45,0.14,-0.02,-1.06
-1.05,-0.1,-0.39,0.06,0.34,-2.12
-3.5,0.34,-1.52,0.13,0.22,-2.84
4.35,-0.22,-4.44,-0.1,0.03,-2.35
0.74,-0.4,0.66,-0.24,-0.29,-1.32
0.22,-0.34,0.12,0.13,0.11,-0.58
0.23,-0.01,-0.25,0,0.17,-0.06
-0.01,0.35,-0.98,0.14,0.07,0.3
0.1,-0.04,-0.19,-0.03,-0.23,0.59
0.08,-0.22,0.15,0.24,-0.15,0.36
-0.93,-0.57,-0.25,-0.15,-0.13,-0.07
-0.68,0.54,0.38,-0.21,-0.01,-1.34
-0.99,0.19,-0.7,0.13,0.13,-2.53
-4.02,-0.08,-1.74,-0.03,-0.19,-2.76
4.23,-0.18,-2.46,0.03,-0.04,-2.28
0.73,-0.18,0.68,-0.14,0.12,-1.48
0.51,0.23,0.03,-0.29,0.13,-0.65
0.39,0.62,-0.6,0.11,0.08,-0.17
-0.07,0.09,-0.64,0.13,-0.16,0.29
-0.29,-0.49,-0.34,0.09,-0.32,0.62
-0.48,-0.89,0.01,0.11,-0.14,0.41
-0.75,-0.43,0.36,-0.06,-0.08,-0.19
-0.28,0.03,0.07,-0.09,0.12,-1.31
-1.7,0.6,-0.83,0.01,0.07,-2.56
-4.39,-0.33,-2.16,0.31,-0.09,-2.87
3.86,0.07,-1.38,0.05,-0.02,-2.33
0.41,-0.21,0.61,-0.35,0.17,-1.42
0.77,0.46,-0.06,-0.14,0.35,-0.7
0.42,0.87,-0.66,0.1,0.04,-0.12
0,0.08,-0.41,0.05,-0.26,0.38
-0.24,-0.45,-0.39,0.22,-0.19,0.6
-0.3,-0.79,-0.04,0.04,-0.08,0.55
-1.2,-0.39,0.45,-0.13,-0.09,0.22
-0.51,-0.33,0.21,-0.12,0.01,-0.7
-1.44,0.43,-1.02,-0.13,0.25,-2.2
-2.88,0.23,-0.62,0.32,0.1,-3.2
3.59,-0.37,-4.89,-0.04,0.16,-3.03
1.21,-0.28,0.77,-0.23,0.01,-1.98
0.5,-0.28,0.04,-0.2,0.12,-1.05
0.84,0.62,-0.81,0.03,0.06,-0.33
-0.15,0.07,-0.99,-0.05,-0.25,0.31
-0.87,-0.52,-0.58,0.18,-0.18,0.62
-0.57,-0.83,0.35,0.07,-0.08,0.65
-0.23,0.3,3.01,-0.02,-0.03,0.45
-0.43,0.05,-0.02,-0.3,-0.08,-0.07
-0.75,0.12,-0.67,0.02,0.08,-1.32
-1.75,0.49,-0.93,0.01,0.07,-2.6
-4.22,-0.16,-0.92,0.27,0.12,-3.24
4.94,0.7,-2.77,0.01,0.28,-2.83
0.89,-0.24,0.82,-0.25,0.09,-1.82
0.68,0.08,-0.02,-0.32,0.17,-0.85
0.68,0.88,-1.13,0.06,0.22,-0.31
-0.13,0.18,-0.76,0.01,-0.26,0.34
-1.09,-0.88,-0.7,0.02,-0.34,0.65
0.39,-1,0.46,0.22,0.02,0.58
0.68,2.11,4.44,-0.1,-0.24,0.71
-0.22,-0.16,-0.13,-0.13,-0.17,0.08
-0.61,0.05,-0.77,-0.11,0.03,-1.29
-1.62,0.66,-1,-0.09,0.31,-2.65
-4.25,-0.02,-1.08,0.21,0.25,-3.17
4.37,0.27,-2.14,-0.22,0.17,-2.5
0.65,-0.09,0.82,-0.27,0.11,-1.5
0.66,0.22,-0.01,-0.03,0.15,-0.72
0.23,0.43,-0.47,-0.03,-0.15,0.06
0,-0.09,-0.52,0.08,-0.18,0.5
-0.05,-0.17,-0.12,0.11,-0.03,0.65
-0.31,-0.62,0.04,-0.1,-0.18,0.5
-0.95,0.01,0.47,-0.19,-0.19,-0.3
-0.65,0.16,-0.49,-0.07,0.06,-1.53
-2.26,0.6,-0.74,-0.2,-0.02,-2.59
-4.82,-0.02,-4.22,0.24,0.17,-2.84
2.7,-0.05,0.05,-0.16,0,-2
0.28,-0.13,0.43,-0.27,0.17,-1.24
0.57,0.39,0.01,-0.04,0.12,-0.53
0.34,0.49,-0.73,-0.07,-0.02,0.06
-0.08,-0.01,-0.59,0.12,-0.16,0.38
-0.61,-0.63,-0.42,0.08,0,0.43
-0.31,-0.42,0.17,-0.18,0.01,0.15
0.16,0.65,1.46,-0.03,-0.09,-0.77
-0.79,0.2,-0.55,0.13,0.15,-1.79
-2.6,0.26,-0.69,0.09,-0.19,-2.34
-1.36,-1.1,-4.84,-0.02,0.16,-2.37
1.38,-0.01,0.63,-0.04,0.17,-1.65
0.52,0.09,0.2,-0.13,0.14,-0.88
0.28,0.3,0.07,0.07,0.12,-0.35
0.19,0.28,-0.46,0.04,-0.07,0.11
-0.02,-0.05,-0.39,0.08,-0.19,0.41
-0.06,-0.36,-0.17,0,-0.12,0.28
-0.88,-0.52,-0.46,-0.1,0.03,-0.48
-1.03,0.41,-0.14,0.01,0.1,-1.63
-1.44,0.43,-0.7,0.29,0.04,-2.29
-2.54,-1.36,-4.77,-0.01,0.04,-2.19
1.89,0.03,0.16,0.04,0.12,-1.65
0.71,0.08,0.27,0.02,0.24,-1.04
0.37,0.29,0.07,-0.09,0.05,-0.34
0.3,0.2,-0.44,0.07,-0.06,0.11
-0.08,0.05,-0.45,0.09,-0.1,0.36
-0.28,-0.33,-0.29,-0.09,-0.16,0.16
-1.13,-0.28,-0.22,-0.2,0.14,-0.84
-0.81,0.71,-0.05,0.12,0.25,-2.05
-2.36,-0.17,-1.14,0.57,-0.03,-2.32
3.55,-0.95,-4.41,-0.17,-0.14,-1.79
0.9,0.07,0.82,0.06,0.16,-1.15
0.49,0.15,0.24,0.05,0.29,-0.53
0.04,0.38,0.23,-0.14,-0.04,0.08
0.05,0.14,-0.16,0.14,-0.09,0.25
-0.03,-0.05,-0.07,0.07,-0.12,0.24
-0.09,-0.18,-0.42,-0.21,-0.14,-0.36
-2.14,-0.09,-1.01,0.24,0.41,-1.89
-1.74,0.64,-1.11,0.43,-0.04,-2.41
1.04,-1.28,-4.32,0.16,-0.07,-2.12
1.02,-0.07,0.17,-0.08,-0.07,-1.3
0.39,0.11,0.05,-0.09,0.2,-0.48
0.21,0.29,-0.43,-0.03,0.27,0.08
0.02,0.35,-0.34,-0.12,-0.11,0.48
-0.09,0.1,0.03,-0.02,-0.19,0.34
-2,-0.35,-0.45,-0.22,-0.04,-0.76
-0.62,-0.26,-0.1,0.33,0.21,-2.22
-2.58,0.11,-0.98,0.34,0.28,-2.57
3.41,-0.14,-4.85,-0.35,0.21,-1.93
0.85,-0.07,0.86,0.07,0.08,-1.12
0.08,-0.08,0.36,-0.06,-0.2,-0.22
-0.34,-0.22,0.41,-0.11,-0.22,0.31
-0.08,-0.14,-0.06,0.16,0.05,0.32
-0.03,0,-0.18,-0.04,-0.16,0.21
-0.09,-0.03,-0.22,0.06,-0.06,-0.67
-0.6,-0.18,-2.11,0.04,0.2,-1.9
-1.09,-0.05,-1.72,0.44,0.16,-2.62
0.26,-0.63,-2.85,0.08,0.06,-2.22
0.93,0.16,-0.91,-0.18,0,-1.37
0.4,0.16,-0.68,0.17,0.11,-0.62
-0.02,-0.02,-0.5,-0.01,-0.15,0.21
-0.1,-0.26,-0.11,-0.06,-0.13,0.61
-0.22,-0.28,0.07,0.1,-0.04,0.46
-0.86,0.33,0.52,-0.26,-0.04,-0.44
-0.11,0.28,-0.44,0.29,0.43,-2.25
-2.83,0.53,-0.9,0.22,0.02,-2.83
1.71,-1.15,-4.83,-0.12,-0.01,-2.31
0.44,-0.28,0.75,-0.09,-0.05,-1.38
0.12,-0.11,0.23,-0.12,0.05,-0.33
-0.12,0.12,0.44,0.07,-0.06,0.31
-0.13,0.13,0.13,0.12,-0.2,0.62
-0.27,-0.24,0.26,0.18,-0.2,0.6
-0.21,-0.27,0.3,-0.18,-0.13,-0.11
-0.08,0.23,-0.5,0.09,0.29,-1.7
-2.64,0.49,-4.22,-0.12,0.3,-2.88
-0.1,-1.26,-3.74,0.35,-0.02,-2.84
0.98,-0.11,-1.7,-0.23,-0.17,-1.76
0.13,0.23,-1.11,-0.04,0.05,-0.71
-0.2,0.18,-0.4,0.06,0.13,0.05
-0.06,0.05,-0.06,0,-0.03,0.63
-0.42,-0.07,0.17,0.12,-0.08,0.71
-0.71,-0.3,0.82,0.07,-0.33,0.45
-0.75,-0.17,-0.56,-0.18,-0.03,-0.73
-1.23,0.74,-0.97,0.22,0.45,-2.56
-4.07,-0.09,-1.05,0.22,0.17,-3.01
4.57,-0.31,-2.38,-0.08,-0.11,-2.34
0.22,-0.2,0.74,-0.26,-0.01,-1.21
-0.22,-0.06,0.16,0,0.21,-0.31
0.48,0.47,-0.22,-0.03,0.04,0.34
-0.25,0.24,-0.02,0.16,-0.12,0.7
-0.32,-0.18,0.39,0.12,-0.18,0.75
0.02,-0.53,0.43,-0.12,-0.25,0.38
-0.39,-0.29,-0.05,-0.14,-0.07,-0.94
-3.03,0.24,-2.1,0.22,0.35,-2.64
-1.02,-0.23,-4.06,0.06,0.31,-3.41
3.69,0.08,-1.48,-0.04,0.19,-2.82
0.95,0.08,0.05,-0.4,0.03,-1.64
0.95,0.32,-1.27,-0.12,0.05,-0.74
-0.66,0.02,-1.22,0.06,0.02,-0.01
-0.27,0,-0.07,0.28,-0.22,0.55
-0.8,-0.87,0.41,0.13,-0.27,0.98
0.76,2.01,4.39,0.11,0.06,0.86
-0.23,0.08,0.32,-0.2,0.08,0.69
-0.05,0.12,0.25,-0.33,-0.22,-0.22
-1.27,-0.16,-1.36,-0.17,-0.05,-2.07
-2.53,0.64,-0.65,0.03,0.32,-3.41
-0.87,-0.09,-4.82,0.2,0.39,-3.76
-0.18,-0.49,1.13,-0.44,-0.22,-2.36
0.45,-0.14,0.05,-0.29,0.08,-1.05
0.51,0.35,-0.53,-0.09,0.12,-0.2
-0.38,0.17,-1.03,0.11,-0.22,0.44
-0.16,-0.63,-0.27,0.25,-0.28,0.84
-0.28,-1.3,0.25,0.11,-0.03,0.99
-0.87,0.03,2.18,0,0.06,0.7
-0.25,0.02,0.35,-0.19,-0.02,0.22
-0.69,-0.02,-0.61,-0.22,-0.09,-1.12
-1.89,0.48,-1.23,-0.07,0.34,-3.18
-4.85,-0.06,-1.77,0.01,0.22,-3.81
3.73,-0.16,-0.52,-0.19,0.11,-2.83
-0.63,-0.26,0.56,-0.47,0.1,-1.48
0.36,0.15,0.11,-0.22,0.06,-0.42
0.26,0.7,-0.79,0.12,-0.17,0.25
0.05,-0.05,-0.32,0.32,-0.11,0.67
0.14,-0.47,0.1,0.15,-0.23,1.02
-0.33,-0.78,0.19,0.01,0.14,0.85
-1.75,0.84,2.57,-0.09,-0.19,0.55
-0.93,-0.03,-0.91,-0.28,-0.28,-0.63
-1.37,0.29,-1.04,0,0.18,-2.66
-4.23,0.06,-0.6,-0.07,0.41,-3.89
4.49,0.22,-4.83,-0.19,0.22,-3.35
0.19,-0.15,1.09,-0.35,-0.07,-2.01
0.33,-0.21,0.01,-0.36,0.09,-0.66
0.47,0.47,-0.7,-0.04,0.01,0.19
-0.1,0.22,-0.39,0.19,-0.23,0.73
0.05,-0.31,-0.1,0.06,-0.13,1.05
-0.85,-0.82,0.04,0.14,0.2,0.75
0.27,-0.45,4.46,-0.14,0.04,0.53
-0.85,0.24,-0.77,-0.27,0.08,-0.9
-1.25,0.22,-0.83,0.27,0.17,-2.49
-4.12,-0.07,-0.82,0.02,-0.07,-2.95
4.6,-0.22,-3.92,-0.05,0.01,-2.5
0.85,-0.08,0.8,-0.07,0.27,-1.52
0.65,0.37,0.14,-0.2,0.24,-0.57
0.05,0.58,-0.11,-0.03,-0.04,0.19
0.17,0.16,-0.08,0.19,-0.23,0.6
0.08,-0.32,0.22,0,-0.27,0.7
-0.25,-0.56,-0.14,-0.06,-0.01,0.08
-1.14,0.13,-0.15,-0.29,0.22,-1.41
-0.99,0.59,-0.32,0.22,0.17,-2.67
-4.68,-0.96,-3.26,0.14,-0.23,-2.65
2.51,-0.2,-0.55,-0.1,-0.15,-1.92
0.38,-0.01,0.46,-0.15,0.23,-1.11
0.31,0.28,0.1,-0.16,0.15,-0.32
0.2,0.63,-0.36,0.09,0.05,0.2
0.03,0.22,-0.13,0.13,-0.11,0.58
0.04,-0.22,0.18,0.09,-0.14,0.51
-0.28,-0.36,-0.19,-0.02,-0.03,-0.2
-0.86,-0.18,-0.29,0.07,-0.06,-1.57
-2.06,0.39,-0.71,0.01,-0.02,-2.53
-2.39,-1.16,-4.75,0.1,0.09,-2.45
1.64,0,0.35,-0.2,-0.01,-1.74
0.58,0.04,0.18,-0.05,0.1,-0.99
0.3,0.23,-0.05,-0.07,-0.01,-0.27
0.2,0.14,-0.69,0.16,-0.1,0.17
-0.01,-0.05,-0.24,0.15,-0.11,0.55
-0.01,-0.47,0.05,-0.01,-0.22,0.43
-1.27,-0.77,-0.33,0,-0.1,-0.37
-0.98,0.77,0.1,-0.04,0.1,-1.68
-2.08,0.4,-0.94,0.02,-0.01,-2.61
-4.62,-0.6,-4.47,0.11,-0.11,-2.5
2.15,-0.01,0.51,-0.13,-0.16,-1.73
0.42,-0.17,0.32,-0.1,0.07,-0.97
0.29,0.25,0.07,-0.1,0.09,-0.29
0.16,0.44,-0.64,0.09,-0.02,0.23
0,0.04,-0.28,0.13,-0.15,0.56
0.38,-0.36,0.01,0.05,-0.14,0.37
-1.03,-0.77,-0.34,0.17,-0.01,-0.31
-0.95,0.25,-0.04,-0.22,0.02,-1.5
-1.81,0.59,-0.86,0.08,0.18,-2.62
-4.48,-0.56,-4.53,0.12,-0.06,-2.51
1.89,-0.16,0.46,-0.26,-0.14,-1.68
0.52,-0.11,0.33,-0.01,0.27,-1.05
0.47,0.44,0.02,-0.12,0.09,-0.33
0.17,0.38,-0.53,0.09,-0.15,0.22
0.02,-0.12,-0.3,0.32,-0.15,0.43
-0.11,-0.47,-0.09,0.1,-0.23,0.51
-0.7,-0.85,-0.28,-0.07,-0.12,-0.13
-0.82,0.6,0.15,0,0.13,-1.4
-1.11,0.41,-0.47,-0.07,0.2,-2.36
-3.63,-0.16,-2.12,0.37,0.14,-2.72
3.19,-0.32,-1.39,-0.18,-0.13,-1.91
0.48,-0.16,0.63,0.01,0.18,-1.14
0.2,0.14,0.35,-0.22,-0.04,-0.39
0.02,0.27,0,0.01,-0.21,0.17
0.09,0.07,-0.31,0.26,-0.16,0.37
-0.03,-0.22,-0.1,0,-0.29,0.46
-0.21,-0.55,-0.32,-0.03,-0.08,-0.22
-1.09,-0.1,-0.47,0.03,0.23,-1.48
-1.89,1.05,-0.66,0.04,0.08,-2.58
-3.11,-0.93,-4.68,0.22,-0.14,-2.5
1.72,-0.37,-0.14,-0.16,-0.2,-1.71
0.72,0.06,0.12,0.02,0.14,-1
0.36,0.25,-0.25,-0.21,0.02,-0.27
0.11,0.08,-0.64,0.07,-0.05,0.26
-0.09,0.03,-0.26,0.27,-0.05,0.47
-0.1,-0.22,0.07,-0.05,-0.17,0.51
-1.43,-0.52,-0.01,-0.05,-0.14,-0.32
-0.84,0.14,0.21,0.05,0.07,-1.89
-2.24,0.51,-0.92,0.07,0.1,-2.81
-4.77,0.01,-4.5,0.07,0.11,-2.75
2.22,-0.25,0.19,-0.17,-0.14,-1.78
0.24,-0.28,0.3,-0.1,-0.02,-0.87
-0.06,-0.02,0.17,-0.13,0.01,-0.05
0.02,0.26,-0.25,0.14,0.02,0.43
-0.06,0.03,-0.13,0.16,-0.1,0.66
0.06,-0.27,0.36,0.11,-0.13,0.58
-0.04,-0.3,0.27,-0.2,-0.22,-0.11
-2.44,-0.43,-1.3,0,-0.02,-1.51
-1.92,0.67,-0.66,-0.17,0.13,-2.84
-3.29,-0.22,-4.71,0.04,0.21,-3.19
2.05,-0.31,-0.02,-0.22,-0.15,-2.19
0.54,-0.1,0.12,-0.26,-0.02,-1.05
0.36,0.19,-0.71,-0.07,0.08,-0.17
-0.43,0.07,-0.79,0.01,-0.1,0.5
0.09,-0.04,-0.14,0.2,-0.03,0.84
-1.55,-0.57,0.07,-0.1,-0.08,0.8
0.16,-0.61,2.83,-0.09,-0.14,0.15
-0.65,0.31,-0.54,-0.26,-0.14,-1.14
-1.27,0.71,-0.57,0.17,0.22,-2.83
-4.71,-0.4,-2.06,0.15,0.01,-3.1
3.84,-0.02,-1.31,-0.09,-0.09,-2.46
0.28,-0.16,0.53,-0.31,0.2,-1.4
0.65,0.41,-0.06,-0.24,0.18,-0.52
0.38,0.68,-0.79,0.21,0.01,0.02
0.13,0.1,-0.32,0.03,-0.26,0.54
-0.14,-0.43,-0.17,0.24,-0.12,0.72
-0.56,-0.88,0.01,-0.05,-0.04,0.58
-1.47,1.58,2.79,-0.07,-0.09,-0.05
-0.95,0.17,-1.04,-0.22,-0.17,-1.07
-1.58,0.35,-0.9,0,0.04,-2.45
-4.3,-0.27,-1.33,0.33,0.04,-3.1
4.7,0.17,-2.64,-0.03,0.06,-2.72
0.78,-0.22,0.69,-0.27,0.1,-1.75
0.75,0.21,-0.06,-0.26,0.1,-0.83
0.67,0.67,-1.35,0.22,0.03,-0.25
-0.09,-0.08,-0.8,0.08,-0.22,0.25
-0.79,-0.81,-0.52,0.08,-0.22,0.55
-0.08,-0.84,0.22,0.32,-0.12,0.54
0.23,1.29,4.05,-0.01,-0.28,0.43
-0.45,0.07,-0.51,-0.15,-0.06,-0.19
-0.75,0.13,-0.72,-0.2,0.1,-1.34
-1.74,0.79,-0.71,-0.29,0.2,-2.83
-4.41,-0.05,-2.21,0.58,0.08,-3.11
3.48,-0.31,-0.59,-0.13,-0.1,-2.25
0.15,-0.22,0.56,-0.22,-0.04,-1.33
-0.03,-0.06,0.08,-0.04,0.12,-0.5
0.28,0.27,-0.57,-0.05,-0.03,0.15
0.11,0.2,-0.48,0.24,-0.04,0.44
0.05,-0.25,0.2,0.01,-0.19,0.65
-0.04,-0.44,0.38,0.13,-0.1,0.46
-0.37,-0.55,-0.31,-0.29,-0.12,-0.32
-0.94,0.77,-0.02,-0.25,-0.1,-1.63
-1.96,0.21,-0.91,0.13,-0.14,-2.65
-4.41,-0.93,-4.65,0.01,0.01,-2.94
2.49,-0.01,0.29,-0.16,-0.01,-2.19
0.5,-0.08,0.2,-0.43,0.09,-1.32
0.64,0.58,-0.42,-0.03,0.13,-0.52
0.09,0.35,-1.08,-0.03,-0.22,0.24
-0.24,-0.26,-0.46,0.26,-0.07,0.52
-0.06,-0.65,0.11,0.11,-0.12,0.68
-0.53,-1.04,0.38,0.01,-0.03,0.38
-0.67,-0.6,0.99,-0.2,-0.08,-0.41
-1.22,0.22,-1,-0.07,-0.05,-1.71
-2.77,0.15,-0.65,-0.06,-0.26,-3.17
-1.36,-0.65,-4.83,0.04,0.11,-2.85
1.58,-0.36,0.48,-0.16,-0.04,-1.96
0.42,-0.17,0.1,-0.37,0.05,-1
0.68,0.48,-0.58,0.08,0.25,-0.5
0.1,0.23,-1.12,-0.05,-0.14,0.26
-0.1,-0.19,-0.41,0.2,-0.15,0.62
-0.57,-0.8,-0.02,0.2,-0.13,0.66
-0.66,-0.81,0.46,-0.12,-0.17,0.56
-0.65,0.16,-0.57,-0.36,0.08,-0.6
-1.16,0.31,-0.86,-0.07,0.04,-1.96
-3.09,0.1,-0.69,-0.05,-0.15,-3
0.29,-0.9,-4.84,0.06,0.13,-2.94
1.13,-0.2,0.72,-0.27,-0.14,-1.95
0.46,-0.1,0.07,-0.33,0.02,-1.06
0.65,0.34,-0.55,0,0.2,-0.44
-0.11,0.21,-1.18,-0.01,-0.08,0.22
-0.08,-0.24,-0.39,0.17,-0.15,0.63
-0.54,-0.72,0.11,0.12,-0.09,0.7
-0.42,-0.47,0.63,-0.01,-0.13,0.49
-0.73,0.11,-0.54,-0.39,-0.05,-0.49
-1.23,0.31,-0.87,0.02,0.13,-2.04
-2.94,0,-0.66,-0.09,-0.1,-2.87
0.93,-0.76,-4.88,0.08,0.3,-2.84
1.11,-0.11,0.7,-0.23,0,-1.92
0.33,-0.16,0.11,-0.31,0.01,-1.02
0.75,0.4,-0.49,-0.01,0.16,-0.4
0.02,0.35,-1.21,0.14,0.02,0.08
-0.05,-0.19,-0.37,0.08,-0.24,0.59
-0.61,-0.85,-0.16,0.28,-0.09,0.59
-0.46,-0.68,0.25,-0.07,-0.16,0.36
-0.63,-0.35,0.08,-0.22,0,-0.82
-1.22,0.37,-0.95,0.07,0.18,-2.07
-3.21,-0.07,-0.68,-0.06,-0.17,-2.39
3.19,-0.56,-4.9,0.07,0.14,-2.6
0.92,-0.03,0.79,-0.19,-0.05,-1.67
0.64,0.05,0.08,-0.08,0.13,-0.83
0.53,0.39,-0.43,0.14,0.04,-0.23
0.12,0.03,-0.72,0.01,-0.25,0.3
-0.02,-0.36,-0.31,0.31,-0.07,0.63
0.13,-0.59,0.09,-0.03,-0.02,0.65
-1.12,-0.67,-0.06,-0.22,0.01,0.01
-0.34,0.39,1.94,-0.16,0.13,-1.5
-1.78,0.42,-0.8,-0.04,-0.03,-2.53
-4.67,-0.4,-2.9,0.29,0.11,-2.95
3.27,0.29,-0.82,-0.23,-0.06,-2.2
0.35,-0.28,0.45,-0.26,0.07,-1.36
0.77,0.36,-0.11,0.03,0.22,-0.65
0.2,0.53,-0.73,0.02,-0.11,0.11
-0.01,-0.14,-0.33,0.21,-0.11,0.58
-0.05,-0.51,-0.08,0.13,-0.08,0.79
-0.35,-0.72,0.11,-0.17,-0.18,0.61
-0.81,1.21,2.14,-0.24,-0.18,-0.51
-1.54,0.35,-1.39,-0.15,-0.04,-2.11
-2.92,-0.04,-0.65,0.21,0.02,-3.16
1.98,-0.59,-4.91,-0.08,0.28,-2.83
0.95,-0.05,0.93,-0.23,0,-1.87
0.51,-0.12,0.11,-0.22,0.07,-1.05
0.79,0.48,-0.42,0.02,0,-0.3
0.17,0.03,-1.13,0.02,-0.21,0.34
-0.1,-0.32,-0.43,0.2,-0.09,0.66
0.07,-0.79,-0.01,0.21,0.02,0.77
-1.06,-0.65,0.44,-0.21,-0.06,0.54
-0.78,0.18,-0.65,-0.34,0,-0.56
-1.23,0.28,-0.83,-0.04,-0.04,-2.16
-3.42,-0.18,-0.73,0.12,-0.15,-3.03
3.87,-1.03,-4.92,0.04,0.16,-2.92
1.09,-0.02,0.86,-0.22,-0.01,-1.93
0.38,-0.03,0.02,-0.35,0.12,-0.96
0.6,0.75,-0.52,0.06,0.06,-0.22
0.13,0.12,-0.71,0.15,-0.22,0.38
0.09,-0.36,-0.21,0.18,-0.14,0.74
-0.36,-0.89,-0.07,-0.04,-0.06,0.69
-0.46,-0.67,0.44,-0.13,-0.01,0.25
-0.63,0.42,-0.17,-0.32,0.06,-1.08
-1.41,0.68,-0.96,0.03,0.14,-2.36
-3.88,-0.11,-0.79,0.19,-0.08,-2.78
4.66,-0.06,-3.51,-0.08,0,-2.5
0.74,-0.19,0.73,-0.22,-0.09,-1.46
0.56,0.13,0.02,-0.12,0.22,-0.66
0.43,0.59,-0.65,0.04,0.18,-0.07
0.01,0.25,-0.63,-0.02,-0.01,0.44
-0.01,-0.21,-0.06,0.19,-0.02,0.54
-1.02,-0.67,-0.04,-0.02,-0.3,0.43
-0.38,0.12,1.21,-0.03,-0.17,-0.5
-0.86,0.11,-0.78,-0.22,0.14,-1.75
-2.42,0.72,-0.64,-0.04,0.02,-2.39
-4.19,-0.64,-4.74,0.08,0.03,-2.65
1.9,-0.25,0.47,-0.22,0.04,-1.87
0.35,-0.06,0.28,-0.18,0.24,-1.09
0.42,0.48,0,-0.14,0.09,-0.39
0.15,0.41,-0.59,0.08,-0.15,0.21
0.01,-0.09,-0.27,0.18,-0.26,0.53
-0.35,-0.48,-0.14,0.1,-0.24,0.47
-0.72,-0.89,-0.24,-0.04,-0.06,0.06
-0.85,0.46,0.22,-0.21,0.02,-0.96
-0.64,0.06,-0.24,0.12,0.16,-2.11
-2.94,0.33,-1.23,0.07,-0.07,-2.67
0.82,-1.09,-4.89,-0.04,0.05,-2.39
1.07,-0.26,0.65,-0.13,0.07,-1.59
0.48,-0.02,0.14,-0.19,0.11,-0.84
0.27,0.36,-0.1,0,0.04,-0.17
0.17,0.33,-0.64,0.11,-0.05,0.26
0.02,-0.07,-0.26,0.25,-0.14,0.47
0.07,-0.5,-0.01,0.01,-0.18,0.48
-0.62,-0.73,-0.27,-0.11,-0.04,-0.07
-0.81,0.49,0.09,-0.08,0.03,-1.29
-1.52,0.36,-0.61,-0.23,0.04,-2.52
-3.85,-0.54,-2.06,0.3,-0.1,-2.78
3.11,-0.14,-1.41,-0.34,-0.07,-2.02
0.64,0.01,0.54,-0.08,0.39,-1.37
0.52,0.49,0.08,-0.22,0.18,-0.56
0.11,0.53,-0.3,0.01,-0.17,0.05
-0.06,0.04,-0.33,0.19,-0.24,0.41
-0.15,-0.4,-0.31,0.02,-0.18,0.56
-0.55,-0.76,-0.22,0,0.05,0.18
-0.87,-0.22,0.05,-0.09,-0.05,-0.59
-0.63,0.17,0.12,-0.03,0,-1.81
-2.34,0.37,-1.03,0.03,-0.18,-2.54
-4.52,-0.65,-4.62,0.02,0.12,-2.68
1.89,-0.19,0.49,-0.22,0.04,-1.92
0.38,-0.16,0.24,-0.28,0.13,-1.01
0.38,0.45,-0.08,0,0.2,-0.33
0.13,0.47,-0.53,0.15,-0.12,0.26
0.06,-0.1,-0.08,0.15,-0.23,0.6
0.01,-0.41,0.09,0.12,-0.09,0.54
-0.45,-0.75,-0.3,-0.06,-0.01,0.17
-0.82,0.21,0.18,-0.06,-0.01,-0.71
-0.75,0.05,-0.17,-0.04,0.06,-1.9
-2.62,0.39,-1.29,0.19,-0.3,-2.66
-1.7,-1.73,-4.8,0.06,-0.31,-2.33
1.51,-0.3,0.33,-0.1,-0.18,-1.52
0.46,-0.04,0.2,-0.07,0.23,-0.81
0.23,0.47,-0.05,-0.05,0.19,-0.22
0.26,0.36,-0.48,0.14,-0.08,0.12
-0.05,-0.1,-0.24,0.14,-0.15,0.24
-0.26,-0.37,-0.38,-0.03,-0.07,-0.13
-0.89,-0.46,-0.57,-0.01,-0.02,-0.97
-1.73,0.3,-0.63,-0.05,-0.11,-1.96
-2.22,-0.35,-2.25,0.17,-0.08,-2.31
2.78,-0.37,-2.39,-0.08,-0.08,-1.86
0.72,0.02,0.17,-0.08,0.01,-1.11
0.51,0.04,-0.21,-0.04,0.1,-0.52
0.2,0.21,-0.64,0.06,-0.06,-0.02
-0.08,-0.1,-0.51,0.16,-0.19,0.3
-0.13,-0.47,-0.19,0.11,-0.22,0.25
-0.74,-0.63,-0.21,-0.01,-0.11,-0.4
-0.87,0.59,-0.01,-0.03,0.16,-1.58
-1.88,0.3,-0.93,0.22,0.02,-2.49
-2.83,-1.18,-4.73,0.03,-0.19,-2.3
1.64,-0.38,0.3,-0.04,-0.23,-1.52
0.39,-0.18,0.25,-0.03,0.14,-0.81
0.22,0.22,-0.05,-0.02,0.09,-0.17
0.05,0.23,-0.48,0.12,-0.14,0.3
0.04,-0.16,-0.15,0.2,-0.21,0.49
-0.02,-0.42,0.11,-0.04,-0.26,0.35
-1.33,-0.84,-0.7,-0.04,0,-0.68
-1.41,0.6,-0.19,-0.04,0.25,-2.11
-2.47,0.46,-1.28,0.22,-0.07,-3.11
3.27,-1.18,-4.89,-0.21,-0.06,-2.78
0.91,-0.12,0.56,-0.24,-0.02,-1.81
0.73,0.13,-0.21,-0.22,0.15,-0.81
0.18,0.55,-1.5,0.08,-0.16,0
-0.14,-0.22,-0.64,0.29,-0.37,0.57
-0.72,-1.11,-0.24,0.18,-0.21,1.08
-0.37,-1.46,0.51,-0.01,0.04,1.07
-0.5,0.07,0.06,-0.25,-0.09,0.84
-0.92,-0.15,-0.06,-0.55,-0.34,-0.61
-1.52,0.27,-1.23,-0.08,0.25,-2.87
-4.6,0.18,-0.24,-0.4,0.29,-3.87
4.71,0.28,-3.96,-0.24,0.13,-3.57
0.82,-0.23,0.79,-0.58,-0.06,-2.16
0.88,0.07,-0.17,-0.35,0,-0.84
-0.06,0.83,-2.76,0.03,-0.32,0.1
-0.56,-0.43,-0.65,0.26,-0.43,0.81
-0.29,-1.76,0.42,0.12,-0.21,1.21
1.49,2.16,4.31,0.02,0.07,1.53
0.26,0.22,1,-0.2,0.25,0.94
-0.42,-0.04,0.35,-0.31,-0.23,0.2
-0.96,-0.31,-0.84,-0.34,-0.1,-1.66
-2.72,0.69,-1.49,-0.06,0.12,-3.48
-4.89,0.73,-4.43,-0.51,0.16,-3.86
3.32,0.02,0.29,0.08,0.22,-3.16
0.64,0.09,0.43,-0.74,0.01,-1.66
1.04,0.61,-1.08,-0.31,0.05,-0.52
-0.78,0.25,-1.12,0.17,-0.06,0.18
-1.18,-0.88,-0.38,0.15,-0.44,0.78
-0.3,-1.9,0.51,0.21,-0.29,1.04
0.35,-0.28,-0.16,0,-0.02,0.95
-0.15,-0.11,0.87,-0.1,-0.16,0.62
-0.45,-0.2,-0.01,-0.19,-0.28,-0.19
-1.16,-0.1,-0.93,-0.45,0.05,-1.78
-1.97,1.16,-1.19,0.15,0.38,-2.59
-4.9,0.3,-4.3,-0.19,0.12,-3.15
3.08,0.02,-0.38,-0.11,0.08,-2.61
0.65,-0.22,0.37,-0.33,-0.25,-1.51
0.67,0,-0.55,-0.17,-0.13,-0.57
-0.89,0.12,-1.97,0.22,0.03,-0.06
-0.23,-0.26,-0.33,0.03,-0.16,0.44
-1.06,-0.83,0.05,0.11,-0.12,0.54
-0.69,-0.02,2.26,0.16,-0.17,0.26
-0.37,-0.07,-0.5,-0.08,-0.19,-0.09
-0.64,0.23,-0.54,-0.11,0.21,-1.29
-1.44,0.55,-0.62,-0.06,0.11,-2.27
-4.05,-0.45,-1.78,0.23,-0.02,-2.59
3.72,0.23,-1.82,-0.11,0.05,-2.12
0.67,-0.04,0.56,-0.21,0.07,-1.34
0.44,0.22,0.03,-0.01,0.05,-0.65
0.31,0.23,-0.49,0.14,-0.15,-0.13
-0.06,-0.21,-0.71,0.15,-0.21,0.23
-0.25,-0.53,-0.38,0.13,-0.1,0.33
-0.05,-0.54,0,0.04,-0.13,0.1
-0.98,-0.28,-0.14,-0.01,0.03,-0.67
-0.61,0.68,-0.04,-0.11,0.1,-1.64
-2.25,0.27,-0.94,0.06,0,-2.34
-1.59,-1.47,-4.81,0.03,-0.08,-2.29
1.31,-0.22,0.26,-0.13,-0.16,-1.61
0.75,-0.02,0.18,0.09,0.13,-1.01
0.4,0.27,-0.3,-0.09,-0.03,-0.37
0.22,0.09,-0.97,0.33,-0.02,-0.04
-0.2,-0.24,-0.43,0.22,-0.14,0.27
-0.07,-0.49,-0.08,0.12,-0.16,0.21
-0.41,-0.54,-0.02,0.14,-0.05,-0.24
-0.81,0.42,-0.1,-0.11,0.02,-1.03
-0.94,0.55,-0.44,-0.02,0.1,-1.98
-3.04,-0.35,-1.91,0.02,-0.19,-2.29
3.11,-0.6,-3.03,-0.08,-0.15,-2.03
1.19,-0.03,0.1,-0.03,0.03,-1.52
0.76,0.17,-0.36,-0.1,0.05,-0.8
0.27,0.29,-1.34,0.1,0.09,-0.35
-0.38,-0.08,-0.76,0.28,0.09,-0.09
0.04,-0.24,-0.04,0.15,-0.13,0.33
-0.27,-0.45,0.06,0.22,-0.15,0.27
-0.4,-0.08,0.26,0.04,-0.19,-0.07
-0.44,0.09,0.34,-0.06,-0.16,-0.79
-0.78,-0.03,-0.53,-0.01,0.15,-1.86
-3,0.22,-1.33,0.07,0.05,-2.55
2.01,-0.44,-4.85,-0.01,0.03,-2.29
1.27,-0.24,0.42,-0.12,-0.1,-1.56
0.58,-0.02,0.16,-0.1,0.08,-0.94
0.54,0.31,-0.61,0.03,0.03,-0.39
0.02,-0.04,-1.16,0.16,-0.12,0.02
-0.32,-0.41,-0.48,0.26,-0.18,0.32
-0.12,-0.58,-0.06,0.12,-0.22,0.38
-0.68,-0.51,0.16,0.06,-0.08,-0.01
-0.8,0.96,0.64,-0.18,-0.06,-0.99
-1.47,0,-0.73,0.03,0.2,-2.18
-3.02,-0.17,-1.09,0.5,-0.08,-2.7
4.1,-0.54,-4.8,-0.25,-0.09,-2.2
0.87,-0.08,0.74,-0.07,-0.14,-1.43
0.35,0.01,0.17,-0.09,-0.06,-0.69
0.3,0.17,-0.34,0.02,-0.07,-0.13
0.09,0.08,-0.86,0.2,0.05,0.2
-0.1,-0.22,-0.36,0.15,-0.05,0.42
-0.05,-0.36,-0.02,0.04,-0.04,0.21
-0.67,-0.27,-0.16,-0.05,-0.06,-0.35
-0.78,0.6,0.21,-0.05,-0.01,-1.49
-1.93,0.25,-0.92,-0.09,-0.17,-2.31
-4.25,-0.71,-4.55,0.01,0.11,-2.42
2.26,0.22,-0.31,-0.02,0.06,-1.88
0.53,-0.16,0.28,-0.25,0.08,-1.13
0.48,0.26,-0.19,-0.03,0.13,-0.54
0.31,0.4,-0.93,0.18,-0.07,-0.09
-0.15,-0.2,-0.58,0.23,-0.24,0.26
-0.42,-0.71,-0.3,0.13,-0.22,0.4
-0.04,-0.71,0.09,0.08,-0.12,0.05
-0.61,0.13,0.22,0,-0.07,-0.78
-0.65,0.22,0.01,0.03,0.14,-1.82
-2.26,0.41,-1.01,0.29,-0.06,-2.42
-1.96,-1.48,-4.76,0.06,-0.01,-2.31
1.6,-0.09,0.45,0.1,0.1,-1.64
0.44,-0.03,0.35,-0.1,0.03,-0.89
0.21,0.15,0.14,0.04,-0.22,-0.22
0.22,0.05,-0.4,0.3,-0.11,0.07
-0.05,-0.17,-0.49,0.14,-0.14,0.39
0.17,-0.42,-0.14,-0.03,-0.01,0.35
-0.14,-0.31,0.11,-0.05,0.11,-0.4
-1.96,0.4,-0.5,-0.12,-0.09,-1.52
-1.93,0.29,-0.63,0.08,-0.24,-2.37
-3.4,-1.46,-4.64,0.03,0.08,-2.47
2.02,0.21,-0.17,-0.05,0.15,-1.8
0.76,0.18,0.26,-0.22,0.27,-1.15
0.61,0.5,-0.22,-0.01,0.2,-0.64
0.31,0.4,-0.79,0.19,-0.15,-0.12
-0.07,-0.24,-0.5,0.22,-0.3,0.28
-0.53,-0.82,-0.45,0.19,-0.2,0.3
0.07,-0.87,0.04,0.03,-0.25,0.1
-0.69,-0.22,0.12,-0.06,-0.23,-0.5
-0.69,0.46,0.09,-0.28,0.18,-1.6
-2.05,0.66,-0.93,0.01,0.47,-2.56
-4.13,0.46,-4.49,0.15,0.19,-2.56
2.07,-0.5,0.38,-0.17,-0.22,-1.67
-0.45,-0.18,0.45,-0.23,-0.17,-0.87
-0.22,-0.13,0.02,0.12,0.03,-0.37
0.43,-0.31,-0.55,0.02,-0.06,0.13
0.28,0.49,0,0.18,-0.16,0.39
0.03,0.02,0.2,0.22,-0.21,0.34
0.01,-0.18,0.27,-0.11,-0.1,-0.12
-0.74,-0.34,-0.84,0.09,0.04,-1.09
-1.86,0.61,-0.6,-0.14,0.28,-2.28
-2.29,0.1,-3.25,0.32,0.15,-2.56
2.55,-0.58,-2.02,-0.12,0.03,-2.06
0.86,0.17,0.04,-0.26,0.07,-1.27
0.75,0.28,-0.73,-0.03,0.23,-0.76
-0.18,0.27,-1.19,0.22,-0.04,-0.18
-0.17,-0.15,-0.41,0.04,-0.26,0.36
-0.32,-0.14,0.03,0.29,-0.16,0.44
-0.43,-0.53,0.41,-0.01,-0.17,0.3
0.77,-0.36,2.52,-0.12,-0.02,-0.47
-1.02,0.3,-0.78,0.04,0.14,-1.72
-2.57,0.37,-0.44,-0.11,-0.02,-2.51
-2.23,-0.93,-4.82,0.07,0.03,-2.45
1.52,-0.11,0.32,-0.03,0.1,-1.68
0.44,0.02,0.23,-0.21,0.21,-0.92
0.33,0.4,0.08,0,0.11,-0.37
0.33,0.33,-0.54,0.29,-0.05,-0.05
0,-0.18,-0.45,0.15,-0.35,0.35
-0.18,-0.63,-0.3,0.09,-0.1,0.35
-0.06,-0.5,-0.05,-0.12,0,-0.14
-1.42,0.07,-0.26,-0.06,0.02,-1.08
-1.12,0.66,-0.39,-0.2,0.04,-2.2
-3.39,-0.48,-1.86,0.33,0.04,-2.63
4.06,-0.53,-2.68,-0.13,-0.15,-2.01
0.66,-0.12,0.52,-0.15,-0.01,-1.29
0.58,0.17,-0.05,-0.02,0.17,-0.65
0.36,0.47,-0.7,0.08,-0.02,-0.1
-0.03,-0.03,-0.63,0.24,-0.1,0.23
-0.22,-0.41,-0.2,0.07,-0.17,0.39
-0.35,-0.63,-0.05,-0.04,-0.19,0.06
-0.66,0.15,0.23,0.19,-0.16,-0.91
-0.77,-0.2,-0.22,-0.01,0.05,-1.89
-2.86,0.15,-1.18,0.22,0.09,-2.76
2.13,-0.01,-4.88,-0.14,0.08,-2.29
0.98,-0.25,0.68,-0.28,-0.05,-1.4
0.41,-0.11,0.18,-0.09,0.26,-0.75
0.4,0.41,-0.1,-0.01,0.06,-0.21
0.16,0.18,-0.8,0.08,-0.14,0.21
0,-0.19,-0.26,0.23,-0.17,0.45
0.04,-0.37,0,-0.02,-0.22,0.36
-0.75,-0.64,-0.17,-0.1,-0.01,-0.21
-0.72,1.26,0.53,-0.25,0.15,-1.45
-1.36,0.48,-0.52,0.14,0.08,-2.52
-4.21,-0.61,-3.08,0.01,-0.04,-2.42
2.58,0.01,-0.56,-0.12,-0.01,-1.74
0.54,-0.01,0.47,-0.13,0.15,-1.09
0.26,0.22,0.11,-0.03,0.04,-0.43
0.22,0.4,-0.19,0.14,-0.09,0.02
